partNumber,description,price,category,name
LM1001,HYBRID ADDITIVE 250ML,7.06,Oil Additives,LIQUI MOLY
LM1007,GEAR PROTECT 80ML,27.61,Greases,LIQUI MOLY
LM1015,MOLYGEN MOTOR PROTECT 500ML,30.88,Greases,LIQUI MOLY
LM1018,MOTOR PROTECT 500ML,24.75,Greases,LIQUI MOLY
LM1019,MOTOR CLEAN 500ML,19.10,Greases,LIQUI MOLY
LM1020,G-OIL  (GL4) SAE 80W 1L,9.00,Oils Gear & Transmission,LIQUI MOLY
LM1024,F-SYN   G-OIL  (GL4/5) 75W-90 1L,25.04,Oils Gear & Transmission,LIQUI MOLY
LM1025,HY G-OIL  GL5 SAE 80W 1L,8.45,Oils Gear & Transmission,LIQUI MOLY
LM1027,HY G-OIL  (GL5) SAE 85W-140,202.14,Oils Gear & Transmission,LIQUI MOLY
LM1028,HY G-OIL  (GL5) SAE 85W-140,"1,959.53",Oils Gear & Transmission,LIQUI MOLY
LM1029,2-STROKE MOTOR OIL 100ML,2.92,Oils Motorcycle,LIQUI MOLY
LM1030,G-OIL  (GL4) SAE 85W-90 1L,9.16,Oils Gear & Transmission,LIQUI MOLY
LM1031,HY G-OIL  (GL5) SAE 85W-90,697.84,Oils Gear & Transmission,LIQUI MOLY
LM1033,G-OIL  (GL4) SAE 80W,164.84,Oils Gear & Transmission,LIQUI MOLY
LM1034,G-OIL  (GL4) SAE 85W-90,626.75,Oils Gear & Transmission,LIQUI MOLY
LM1035,HY G-OIL  (GL5) SAE 85W90 1L,9.59,Oils Gear & Transmission,LIQUI MOLY
LM1036,HY G-OIL  (GL5) SAE 80W,557.41,Oils Gear & Transmission,LIQUI MOLY
LM1039,G-OIL  (GL4) SAE 80W,512.00,Oils Gear & Transmission,LIQUI MOLY
LM1040,G-OIL  ADDITIVE 20G,4.67,Oil Additives,LIQUI MOLY
LM1042,G-OIL  LEAK STOP 50ML,6.63,Oils Gear & Transmission,LIQUI MOLY
LM1043,ATF III 1L,11.02,Antifreeze & Coolants,LIQUI MOLY
LM1045,G-OIL  (GL4) SAE 85W-90 20L,146.37,Oils Gear & Transmission,LIQUI MOLY
LM1046,HY G-OIL  (GL5) SAE 80W,211.29,Oils Gear & Transmission,LIQUI MOLY
LM1047,HY G-OIL  (GL5) SAE 85W-90 20l,164.16,Oils Gear & Transmission,LIQUI MOLY
LM1048,HY GETR.GL5 80W90 20L,161.90,Oils Gear & Transmission,LIQUI MOLY
LM1049,HY G-OIL  (GL5) SAE 80W-90,"2,245.63",Oils Gear & Transmission,LIQUI MOLY
LM1051,2-Stroke Motor Oil,5.88,Oils Motorcycle,LIQUI MOLY
LM1052,2-STROKE MOTOR OIL 1L,8.61,Oils Motorcycle,LIQUI MOLY
LM1053,M-BIKE  2T SYN SCOOTER RACE 1L,14.12,Oils Motorcycle,LIQUI MOLY
LM1055,HY G-OIL  (GL5) SAE 140W ,208.82,Oils Gear & Transmission,LIQUI MOLY
LM1056,ATF III 5L,47.51,Antifreeze & Coolants,LIQUI MOLY
LM1058,ATF III 20L,192.18,Antifreeze & Coolants,LIQUI MOLY
LM1061, H-TECH  SHPD-Motor Oil 15W-40,129.63,Oils Motorcycle,LIQUI MOLY
LM1062, H-TECH  SHPD-Motor Oil 15W-40,384.69,Oils Motorcycle,LIQUI MOLY
LM1063, H-TECH  SHPD-Motor Oil 15W-40,"1,235.29",Oils Motorcycle,LIQUI MOLY
LM1070, H-TECH  Diesel Oil 15W-40 1L,7.20,Oils Motorcycle,LIQUI MOLY
LM1075, H-TECH  Diesel Oil 15W-40,"1,281.51",Oils Motorcycle,LIQUI MOLY
LM1080,LUB FIX 50G,3.04,Greases,LIQUI MOLY
LM1084, H-TECH  Super SHPD 15W-40,30.59,Oils Motorcycle,LIQUI MOLY
LM1088, H-TECH  Super SHPD 15W-40,"1,225.92",Oils Motorcycle,LIQUI MOLY
LM1089,MOS2-LEICHTLAUF 10W40 20L,131.39,Oils Motorcycle,LIQUI MOLY
LM1090,MOS2-LEICHTLAUF 10W40 60L,399.31,Oils Motorcycle,LIQUI MOLY
LM1094,MoS2 Leichtlauf 10W-40,"1,394.29",Oils Motorcycle,LIQUI MOLY
LM1099,P- STEERING OIL LEAK STOP 35ML,4.53,Greases,LIQUI MOLY
LM1121, H-TECH  Super SHPD 15W-40,129.04,Oils Motorcycle,LIQUI MOLY
LM1122, H-TECH  Super SHPD 15W-40,347.12,Oils Motorcycle,LIQUI MOLY
LM1127,CH/SYS- OIL 1L,15.08,AdBlue and PAT Fluid,LIQUI MOLY
LM1128,C-MOTOR-OIL SAE 20W-50HD 1L,13.80,Oils Motorcycle,LIQUI MOLY
LM1129,C-MOTOR-OIL SAE 20W-50HD 5L,45.25,Oils Motorcycle,LIQUI MOLY
LM1130,C-MOTOR-OIL SAE 50,24.76,Oils Motorcycle,LIQUI MOLY
LM1131,CLASSIC MOTORENOL SAE 50 5L,51.45,Oils Motorcycle,LIQUI MOLY
LM1132,C-MOTOR-OIL SAE 30,14.67,Oils Motorcycle,LIQUI MOLY
LM1133,CLASSIC MOTORENOL SAE 30 5L,55.71,Oils Motorcycle,LIQUI MOLY
LM1135,C-MOTOR-OIL SAE 20W-50 HD 60L,339.86,Oils Motorcycle,LIQUI MOLY
LM1138,LONGTIME H-TECH  5W30 20L,178.57,Oils Motorcycle,LIQUI MOLY
LM1139,Longtime H-TECH  5W-30,560.71,Oils Motorcycle,LIQUI MOLY
LM1140,LONGTIME H-TECH  5W-30 205L,"1,774.78",Oils Motorcycle,LIQUI MOLY
LM1145,STEERING GEAROIL 3100 1L,9.41,Oils Gear & Transmission,LIQUI MOLY
LM1147,CH/SYS- OIL 20L,290.37,Oils Motorcycle,LIQUI MOLY
LM1150,SYN-OIL LONGTIME PLUS 0W-30 1L,21.24,Oils Motorcycle,LIQUI MOLY
LM1151,SYN-OIL LONGTIME PLUS 0W30 5L,102.47,Oils Motorcycle,LIQUI MOLY
LM1159, H/PER   G-OIL  (GL3+) SAE 75W-80,947.63,Oils Gear & Transmission,LIQUI MOLY
LM1162, H/PER   G-OIL  (GL3+) SAE 75W-80,"3,172.29",Oils Gear & Transmission,LIQUI MOLY
LM1163,Special Tec 5W-30,10.16,Oils Motorcycle,LIQUI MOLY
LM1165,Special Tec 5W-30,"1,723.00",Oils Motorcycle,LIQUI MOLY
LM1166,Special Tec 5W-30,510.65,Oils Motorcycle,LIQUI MOLY
LM1173,SYN-OIL Longtime 0W-30,228.29,Oils Motorcycle,LIQUI MOLY
LM1174,SYN-OIL Longtime 0W-30,669.39,Oils Motorcycle,LIQUI MOLY
LM1175,SYN-OIL Longtime 0W-30,"2,262.69",Oils Motorcycle,LIQUI MOLY
LM1181,Special Tec 5W-30,174.78,Oils Motorcycle,LIQUI MOLY
LM1182,F-SYN  HY-G-OIL   (GL4/5) 75W-90 20L,472.06,Oils Gear & Transmission,LIQUI MOLY
LM1183,F-SYN  HY-G-OIL   (GL4/5) 75W-90,"1,420.24",Oils Gear & Transmission,LIQUI MOLY
LM1184,F-SYN  HY-G-OIL   (GL4/5) 75W-90,"4,793.22",Oils Gear & Transmission,LIQUI MOLY
LM1185, Low-friction Motor Oil 10W-40,39.06,Oils Motorcycle,LIQUI MOLY
LM1187,COMPRESSOR OIL 1L,10.12,Oil Additives,LIQUI MOLY
LM1189,2-Stroke Motor Oil 5L,35.49,Oils Motorcycle,LIQUI MOLY
LM1190,Saw Chain Oil 100 20l,89.61,Oil Additives,LIQUI MOLY
LM1191,Saw Chain Oil 100 60l,259.24,Oil Additives,LIQUI MOLY
LM1194,SPECIAL TEC LL 5W30 20L,169.43,Oils Motorcycle,LIQUI MOLY
LM1195,Special Tec LL 5W-30 60l,493.45,Oils Motorcycle,LIQUI MOLY
LM1196,Special Tec LL 5W-30,"1,760.63",Oils Motorcycle,LIQUI MOLY
LM1202, G-OIL  HC (GL4) 75W-80,281.14,Oils Gear & Transmission,LIQUI MOLY
LM1203, G-OIL  HC (GL4) 75W-80,947.49,Oils Gear & Transmission,LIQUI MOLY
LM1210, G-OIL  HC (GL4) 75W-80,"3,175.90",Oils Gear & Transmission,LIQUI MOLY
LM1212,MOS2 LOW-FRICTION 20W-50 5L,36.55,Oils Motorcycle,LIQUI MOLY
LM1220,MoS2 Low-Friction 20W-50,8.80,Oils Motorcycle,LIQUI MOLY
LM1221,MoS2 Low-Friction 20W-50,"1,571.06",Oils Motorcycle,LIQUI MOLY
LM1230,M-BIKE  HD-CLASSIC SAE 50 STREET 4L,30.53,Oils Motorcycle,LIQUI MOLY
LM1237,M-BIKE  2T BASIC SCOOTER 4L,26.43,Oils Motorcycle,LIQUI MOLY
LM1240, H-TECH  15W-40,"1,195.55",Oils Motorcycle,LIQUI MOLY
LM1243,M-BIKE  4T 10W-40 STREET 4L,40.78,Oils Motorcycle,LIQUI MOLY
LM1246,ATF III 60L,544.18,Oils Gear & Transmission,LIQUI MOLY
LM1254, H-TECH  20W-50,425.35,Oils Motorcycle,LIQUI MOLY
LM1257, H-TECH  20W-50 20L,122.57,Oils Motorcycle,LIQUI MOLY
LM1260, H-TECH  20W-50,"1,508.84",Oils Motorcycle,LIQUI MOLY
LM1264,LAWNMOWER OIL SAE 30 1L,7.84,Oils Motorcycle,LIQUI MOLY
LM1265, H-TECH  HD 30,32.25,Oil Additives,LIQUI MOLY
LM1266,LAWNMOWER OIL SAE 30 5L,28.96,Oils Motorcycle,LIQUI MOLY
LM1267, H-TECH  HD 30,136.98,Oils Motorcycle,LIQUI MOLY
LM1272, H-TECH  10W-30 5L,29.06,Oils Motorcycle,LIQUI MOLY
LM1273,U- OIL GARDEN EQPT 10W-30 1L,7.25,Oils Motorcycle,LIQUI MOLY
LM1274, H-TECH  10W-30 20L,108.94,Oils Motorcycle,LIQUI MOLY
LM1277,CHAINSAW OIL 100 1L,5.25,Oil Additives,LIQUI MOLY
LM1278,CHAINSAW OIL 100 5L,22.88,Oil Additives,LIQUI MOLY
LM1280,BIO CHAIN SAW OIL 1L,12.69,Oil Additives,LIQUI MOLY
LM1281,BIO CHAINSAW OIL 5L,56.33,Oil Additives,LIQUI MOLY
LM1296, H-TECH  15W-40 60L,349.65,Oils Motorcycle,LIQUI MOLY
LM1298, H-TECH  15W-40,135.10,Oils Motorcycle,LIQUI MOLY
LM1299,M-BIKE  FOAM FILTER CLEANER 1L,21.18,Greases,LIQUI MOLY
LM1302,SUPER LEICHTLAUF 10W40 60L,330.98,Oils Motorcycle,LIQUI MOLY
LM1303,Super Leichtlauf 10W-40,"1,242.45",Oils Motorcycle,LIQUI MOLY
LM1304,SUPER LEICHTLAUF 10W40 20L,108.67,Oils Motorcycle,LIQUI MOLY
LM1308,SYN-OIL H-TECH  5W-40 20L,219.08,Oils Motorcycle,LIQUI MOLY
LM1309,SYN-OIL H-TECH  5W-40,654.24,Oils Motorcycle,LIQUI MOLY
LM1311,SYN-OIL H-TECH  5W-40,"2,206.02",Oils Motorcycle,LIQUI MOLY
LM1340,Diesel SYN-OIL 5W-40,11.63,Oils Motorcycle,LIQUI MOLY
LM1341,Diesel SYN-OIL 5W-40,50.45,Oils Motorcycle,LIQUI MOLY
LM1346,Leichtlauf HC7 5W-40,10.80,Oils Motorcycle,LIQUI MOLY
LM1347,Leichtlauf HC7 5W-40,47.51,Oils Motorcycle,LIQUI MOLY
LM1362,SYN-OIL ENERGY 0W40 20L,217.84,Oils Motorcycle,LIQUI MOLY
LM1363,SYN-OIL Energy 0W-40 60l,667.88,Oils Motorcycle,LIQUI MOLY
LM1364,SYN-OIL Energy 0W-40 205l,"2,266.00",Oils Motorcycle,LIQUI MOLY
LM1392,SYN-OIL RACE TECH GT1 10W-60 20L,235.67,Oils Motorcycle,LIQUI MOLY
LM1393,SYN-OIL RACE TECH GT1 10W-60 60L,693.20,Oils Motorcycle,LIQUI MOLY
LM1394,SYN.RACE TECH GT1 10W60 205L,"2,232.10",Oils Motorcycle,LIQUI MOLY
LM1400,Special Bulldog Oil SAE 30,67.82,Oils Motorcycle,LIQUI MOLY
LM1401,G-OIL  (GL4) SAE 80W,5.20,Oils Gear & Transmission,LIQUI MOLY
LM1402,HY G-OIL  (GL5) SAE 80W,6.41,Oils Gear & Transmission,LIQUI MOLY
LM1403,G-OIL  (GL4) SAE 85W-90,5.39,Oils Gear & Transmission,LIQUI MOLY
LM1404,HY G-OIL  (GL5) SAE 85W-90,5.76,Oils Gear & Transmission,LIQUI MOLY
LM1405,ATF III,6.53,Oils Gear & Transmission,LIQUI MOLY
LM1406,HY G-OIL  (GL4/5) TDL SAE 75W-90 500ML,9.90,Oils Gear & Transmission,LIQUI MOLY
LM1407,HY G-OIL  (GL4/5) TDL SAE 75W-90 1L,16.39,Oils Gear & Transmission,LIQUI MOLY
LM1408,HY G-OIL  (GL4/5)TDL 75W90 20L,289.10,Oils Gear & Transmission,LIQUI MOLY
LM1410,HY G-OIL  (GL5) LS 85W-90 1L,11.18,Oils Gear & Transmission,LIQUI MOLY
LM1411,F-SYN  G-OIL  (GL5) SAE 75W-90 205L,"3,443.22",Oils Gear & Transmission,LIQUI MOLY
LM1412,F-SYN  G-OIL  (GL5) SAE 75W-90 60L,935.10,Oils Gear & Transmission,LIQUI MOLY
LM1413,F-SYN  G-OIL  (GL5) SAE 75W-90 500ML,11.76,Oils Gear & Transmission,LIQUI MOLY
LM1414,F-SYN  G-OIL  GL5 SAE 75W-90 1L,17.39,Oils Gear & Transmission,LIQUI MOLY
LM1415,F-SYN  G-OIL  (GL5) SAE 75W-90 20L,317.63,Oils Gear & Transmission,LIQUI MOLY
LM1420,Engine Preserver 300ML,10.49,Greases,LIQUI MOLY
LM1421,NOVA SUPER 20W-50 5L,29.41,Oils Motorcycle,LIQUI MOLY
LM1422,HARD WAX 500ML,8.76,Greases,LIQUI MOLY
LM1426,NOVA SUPER 15W-40 5L,27.18,Oils Motorcycle,LIQUI MOLY
LM1434,Super Diesel Leichtlauf 10W-40 ,7.65,Oils Motorcycle,LIQUI MOLY
LM1435,Super Diesel Leichtlauf 10W-40 ,30.24,Oils Motorcycle,LIQUI MOLY
LM1436,GLOSS POLISH 500ML,25.31,Greases,LIQUI MOLY
LM1446, G-OIL  (GL4) 75W-90,515.12,Oils Gear & Transmission,LIQUI MOLY
LM1448, G-OIL  (GL4) 75W-90,"1,500.76",Oils Gear & Transmission,LIQUI MOLY
LM1467,Polish & Wax 500ML,13.61,Greases,LIQUI MOLY
LM1486,PAINT CLEANER 500ML,17.06,Greases,LIQUI MOLY
LM1500,M-BIKE  4T 20W-50 STREET 1L,9.27,Oils Motorcycle,LIQUI MOLY
LM1502,M-BIKE  4T SYN 10W-50 S/RACE 1L,15.29,Oils Motorcycle,LIQUI MOLY
LM1504,M-BIKE  2T STREET 1L,9.63,Oils Motorcycle,LIQUI MOLY
LM1505,M-BIKE  2T SYN S/RACE 1L,15.10,Oils Motorcycle,LIQUI MOLY
LM1506,Motor�bike Fork Oil 10W medium 500ML,7.14,Oils Motorcycle,LIQUI MOLY
LM1508,M-BIKE  CHAIN LUBE 250ML,8.92,Greases,LIQUI MOLY
LM1509,M-BIKE  CLEANER 1L,17.92,Greases,LIQUI MOLY
LM1510,Cockpit Bright 200ML,3.25,Greases,LIQUI MOLY
LM1512,W/S  CLEANER FOAM 300ML,5.16,Greases,LIQUI MOLY
LM1513,M-BIKE  MULTI-SPRAY 200ML,5.51,Greases,LIQUI MOLY
LM1514,W/S  Cleaner Citrus 1L,4.75,Greases,LIQUI MOLY
LM1515,Marten Spray,8.18,Greases,LIQUI MOLY
LM1516,M-BIKE  G-OIL  75W-90 500ML,9.96,Oils Gear & Transmission,LIQUI MOLY
LM1517,W/S  SUPER CON CLEANER 50ML,2.31,Greases,LIQUI MOLY
LM1519,W/S  SUPER CON CLEANER 250ML,4.02,Greases,LIQUI MOLY
LM1520,COPPER SPRAY 250ML,6.29,Greases,LIQUI MOLY
LM1521,M-BIKE  4T 10W-40 STREET 1L,11.63,Oils Motorcycle,LIQUI MOLY
LM1523,M-BIKE  FORK OIL 5W LIGHT 500ML,7.41,Oils Motorcycle,LIQUI MOLY
LM1524,M-BIKE  FORK OIL 15W HEAVY 500ML,7.24,Oils Motorcycle,LIQUI MOLY
LM1525,M-BIKE  4T SYN 10W-60 S/RACE 1L,14.84,Oils Motorcycle,LIQUI MOLY
LM1527,M-BIKE  4T SYN 10W-60 S/RACE 20L,242.69,Oils Motorcycle,LIQUI MOLY
LM1528,Door Lock Care,4.78,Greases,LIQUI MOLY
LM1529,CHROME GLOSS CREAM 250ML,9.47,Greases,LIQUI MOLY
LM1532,PAINT POLISHING CREAM 300G,13.43,Greases,LIQUI MOLY
LM1536,PLASTIC DEEP TREATMENT 500ML,10.35,Greases,LIQUI MOLY
LM1537,PLASTIC DEEP TREATMENT LOTION 250ML,8.45,Greases,LIQUI MOLY
LM1538,RUBBER CARE 500ML,7.96,Greases,LIQUI MOLY
LM1539,UPHOLSTERY FOAM CLEANER 300ML,7.41,Greases,LIQUI MOLY
LM1540,ZINC SPRAY 400ML,8.57,Greases,LIQUI MOLY
LM1542,Car Wash & Wax 1L,9.27,Greases,LIQUI MOLY
LM1543,Insect Remover 500ML,7.53,Greases,LIQUI MOLY
LM1545,Car Wash Shampoo 1L,8.06,Greases,LIQUI MOLY
LM1546,INTENSIVE CAR CLEANER 500ML,8.20,Greases,LIQUI MOLY
LM1547,CAR INTERIOR CLEANER 500ML,6.39,Greases,LIQUI MOLY
LM1548,INSECT REMOVAL SPONGE (12 PER BOX),1.61,Greases,LIQUI MOLY
LM1549,Car Washing Sponge (12pcs),1.61,Greases,LIQUI MOLY
LM1552,'LIKE NEW' PLASTIC CARE 250ML,8.18,Greases,LIQUI MOLY
LM1554,LEATHER CARE 250ML,9.51,Greases,LIQUI MOLY
LM1555,Silicone & Wax Remover 250ML,7.53,Greases,LIQUI MOLY
LM1556,GRINDING PASTE 300GM,8.45,Greases,LIQUI MOLY
LM1560,M-BIKE  4T 20W-50 STREET 20L,144.27,Oils Motorcycle,LIQUI MOLY
LM1561,M-BIKE  4T 20-50 STREET 60L,396.41,Oils Motorcycle,LIQUI MOLY
LM1562,M-BIKE  4T 10W-40 STREET 20L,159.73,Oils Motorcycle,LIQUI MOLY
LM1563,M-BIKE  4T 10W-40 STREET 60L,467.67,Oils Motorcycle,LIQUI MOLY
LM1564,M-BIKE  4T SYN 10W-50 S/RACE,728.04,Oils Motorcycle,LIQUI MOLY
LM1565,M-BIKE  2T Street,154.78,Oils Motorcycle,LIQUI MOLY
LM1566,M-BIKE  2T SYN S/RACE,235.53,Oils Motorcycle,LIQUI MOLY
LM1567,M-BIKE  4T SYN 10W-50 S/RACE 20L,252.92,Oils Motorcycle,LIQUI MOLY
LM1568,M-BIKE  4T 10W-40 Street,"1,579.94",Oils Motorcycle,LIQUI MOLY
LM1569,M-BIKE  4T SYN 10W-50 S/Race 205L,"2,466.55",Oils Motorcycle,LIQUI MOLY
LM1571,M-BIKE  VISOR CLEANER 100ML,6.75,Greases,LIQUI MOLY
LM1572,M-BIKE  HD-CLA SAE 50 STREET 1L,8.76,Greases,LIQUI MOLY
LM1577,M-BIKE  2T Street,454.65,Oils Motorcycle,LIQUI MOLY
LM1579,M-BIKE  TYRE INFL-SEALER 300ML,12.29,Greases,LIQUI MOLY
LM1580,M-BIKE  OIL ADDITIVE 125ML,8.04,Oil Additives,LIQUI MOLY
LM1581,M-BIKE  4T BIKE ADDITIVE 125ML,5.29,Oil Additives,LIQUI MOLY
LM1582,M-BIKE  2T BIKE ADDITIVE 250ML,10.31,Oil Additives,LIQUI MOLY
LM1590,FIX CLEAR RAIN REPELLENT 125ML,5.80,Greases,LIQUI MOLY
LM1591,M-BIKE  CHAIN LUBE WHITE 400ML,12.00,Greases,LIQUI MOLY
LM1592,M-BIKE  Chain Lube (White) 50ml,5.94,Greases,LIQUI MOLY
LM1593,CONV-SOFT TOP CLEANER 500ML,8.80,Greases,LIQUI MOLY
LM1594,FABRIC IMPREGNATION 400ML,7.47,Greases,LIQUI MOLY
LM1596,NAT-CAR-CLEANING LEATHER 1 PCE,14.06,Greases,LIQUI MOLY
LM1597,SPECIAL RIM CLEANER 1L,12.45,Greases,LIQUI MOLY
LM1598,Cockpit Care vanilla 300ml,4.55,Greases,LIQUI MOLY
LM1599,COCKPIT CARE CITRUS 300ML,4.55,Greases,LIQUI MOLY
LM1600,TAR REMOVER 400ML,6.10,Greases,LIQUI MOLY
LM1601,M-BIKE  LEATHER SUIT CARE 250ML,13.51,Greases,LIQUI MOLY
LM1602,M-BIKE  CHAIN & BRAKE CLEANER 500ML,9.29,Greases,LIQUI MOLY
LM1603,M-BIKE  H-INTERIOR CLEANER 300ML,10.29,Greases,LIQUI MOLY
LM1604,M-BIKE  F/FILTER OIL (SPRAY) 400ML,7.69,Greases,LIQUI MOLY
LM1606,M-BIKE  FORK OIL 10W MEDIUM 5L,53.92,Oil Additives,LIQUI MOLY
LM1609,Tire Bright Foam 400ml,8.04,Greases,LIQUI MOLY
LM1610,Cockpit Bright,7.59,Greases,LIQUI MOLY
LM1611,RUST SOLVENT XXL 600ML,6.90,Greases,LIQUI MOLY
LM1612,RAPID RUST SOLVENT 300ML,4.57,Greases,LIQUI MOLY
LM1613,MOS2 RUST SOLVENT 600ML,8.55,Greases,LIQUI MOLY
LM1614,MoS2-Rust Solvent 300ML,4.82,Greases,LIQUI MOLY
LM1615,T-Spray for G-Equipment 300ml,7.43,Greases,LIQUI MOLY
LM1617,M-BIKE  G-OIL  (GL4) 80W,6.49,Oils Gear & Transmission,LIQUI MOLY
LM1618,M-BIKE  4T 10W-40 SCOOTER 1L,10.69,Oils Motorcycle,LIQUI MOLY
LM1619,M-BIKE  2T BASIC SCOOTER 1L,8.14,Oils Motorcycle,LIQUI MOLY
LM1621,M-BIKE  2T SEMISYN SCOOTER 1L,9.63,Oils Motorcycle,LIQUI MOLY
LM1623,M-BIKE  FORK OIL 5W LIGHT 5L,56.76,Oils Motorcycle,LIQUI MOLY
LM1625,M-BIKE  FOAM FILTER OIL 500ML,13.08,Greases,LIQUI MOLY
LM1633,M-BIKE  2T Basic Scooter,366.55,Greases,LIQUI MOLY
LM1640,Zinc Aluminum Spray,10.47,Greases,LIQUI MOLY
LM1641, RUST SOLVENT 300ML,6.41,Greases,LIQUI MOLY
LM1647,GLOSS SPRAY WAX 400ML,7.69,Greases,LIQUI MOLY
LM1650,ONE FOR ALL DEEP-TREAT 250ML,6.25,Greases,LIQUI MOLY
LM1651,MICROFIBRE CLOTH (10 PER BOX),2.08,Greases,LIQUI MOLY
LM1653,U- Cleaner,15.25,Greases,LIQUI MOLY
LM1654,U- Cleaner,44.27,Greases,LIQUI MOLY
LM1655,U- Cleaner,159.71,Greases,LIQUI MOLY
LM1657,M-BIKE  ENGINE FLUSH 250ML,8.65,Greases,LIQUI MOLY
LM1658,TIRE FITTING SPRAY 400ML,5.96,Greases,LIQUI MOLY
LM1661,SPEED AIR FRESHENER 1 PCE,2.02,Greases,LIQUI MOLY
LM1664,AUTO DUFT SPEED SPORT FRESH,1.61,Greases,LIQUI MOLY
LM1680,M-BIKE  G-OIL  (GL4) 80W-90 SCT 150ML,5.18,Oils Gear & Transmission,LIQUI MOLY
LM1681,CAR CARE SET 1 PCE,46.18,Greases,LIQUI MOLY
LM1682,SUPER K CLEANER 250ML,4.25,Greases,LIQUI MOLY
LM1685,M-BIKE  4T SYN 5W-40 S/RACE 4L,48.65,Oils Motorcycle,LIQUI MOLY
LM1686,M-BIKE  4T SYN 10W-50 S/RACE 4L,54.12,Oils Motorcycle,LIQUI MOLY
LM1687,Motor�bike 4T SYN 10W-60 S/RACE 4L,52.96,Oils Motorcycle,LIQUI MOLY
LM1688,M-BIKE  4T 10W-30 STREET 4L,30.24,Oils Motorcycle,LIQUI MOLY
LM1689,M-BIKE  4T 15W-50 STREET 4L,34.06,Oils Motorcycle,LIQUI MOLY
LM1696,M-BIKE  4T 20W-50 STREET 4L,31.06,Oils Motorcycle,LIQUI MOLY
LM1698,Air Freshener Decoration Girl,2.20,Greases,LIQUI MOLY
LM1766,DPF CLEANER 5L,107.49,Greases,LIQUI MOLY
LM1783,Special Tec LR 5W-20,"1,752.27",Oils Motorcycle,LIQUI MOLY
LM1800,OIL ADDITIVE 125ML,4.49,Oil Additives,LIQUI MOLY
LM1802,MOTOR OIL SAVER 300ML,7.59,Greases,LIQUI MOLY
LM1803,INJECTION CLEANER 300ML,7.55,Greases,LIQUI MOLY
LM1804,RADIATOR CLEANER 300ML,4.67,Greases,LIQUI MOLY
LM1806,SUPER DIESEL ADDITIVE 250ML,6.31,Oil Additives,LIQUI MOLY
LM1808,DIESEL SMOKE STOP 150ML,5.29,Greases,LIQUI MOLY
LM1810,RADIATOR STOP LEAK 250ML,4.98,Greases,LIQUI MOLY
LM1811,DIESEL PURGE 500ML,7.51,Greases,LIQUI MOLY
LM1818,MTX CARB + VALVE CLEANER 300ML,7.96,Greases,LIQUI MOLY
LM1828,Antifreeze for Pneumatic Brakes,13.49,Greases,LIQUI MOLY
LM1838,LEAD SUBSTITUTE 250ML,7.29,Greases,LIQUI MOLY
LM1855,SYN-OIL H-TECH  5W-40 1L,12.29,Oils Motorcycle,LIQUI MOLY
LM1856,SYN-OIL H-TECH  5W40 5L,49.86,Oils Motorcycle,LIQUI MOLY
LM1862, H-TECH  15W-40 5L,30.86,Oils Motorcycle,LIQUI MOLY
LM1864, H-TECH  Diesel Oil 15W-40 5L,30.86,Oils Motorcycle,LIQUI MOLY
LM1877,Diesel Flow Fit,7.08,Greases,LIQUI MOLY
LM1898,Super HD 15W-40,"1,195.22",Oils Motorcycle,LIQUI MOLY
LM2101,L/PER 10W40 60L,308.57,Oils Motorcycle,LIQUI MOLY
LM2102,L/PER 10W-40 205L,"1,005.71",Oils Motorcycle,LIQUI MOLY
LM2132, H-TECH  Tropical Motoroil 20W-50,35.96,Oils Motorcycle,LIQUI MOLY
LM2165,HY G-OIL  (GL5) SAE 85W-90,"1,859.92",Oils Gear & Transmission,LIQUI MOLY
LM2184,MOS2 LEICHTLAUF 10W-40 5L,34.90,Oils Motorcycle,LIQUI MOLY
LM2195,Top Tec 4100 5W-40,41.35,Oils Motorcycle,LIQUI MOLY
LM2315,TOP TEC 4600 5W-30 1L,12.16,Oils Motorcycle,LIQUI MOLY
LM2316,TOP TEC 4600 5W-30 5L,54.86,Oils Motorcycle,LIQUI MOLY
LM2317,TOP TEC 4500 5W-30 1L,11.41,Oils Motorcycle,LIQUI MOLY
LM2318,TOP TEC 4500 5W-30 5L,51.65,Oils Motorcycle,LIQUI MOLY
LM2319,TOP TEC 4400 5W30 1L,13.61,Oils Motorcycle,LIQUI MOLY
LM2320,SCRATCH STOP 200ML,9.16,Greases,LIQUI MOLY
LM2322,TOP TEC 4400 5W-30 5L,65.47,Oils Motorcycle,LIQUI MOLY
LM2323,TOP TEC 4300 5W-30 1L,10.65,Oils Motorcycle,LIQUI MOLY
LM2324,TOP TEC 4300 5W-30 5L,48.51,Oils Motorcycle,LIQUI MOLY
LM2325,SPECIAL TEC F 5W-30 1L,10.96,Oils Motorcycle,LIQUI MOLY
LM2326,SPECIAL TEC F 5W-30 5L,47.00,Oils Motorcycle,LIQUI MOLY
LM2327,LEICHTLAUF H-TECH  5W-40 1L,12.18,Oils Motorcycle,LIQUI MOLY
LM2328,LEICHTLAUF H-TECH  5W-40 5L,55.78,Oils Motorcycle,LIQUI MOLY
LM2336,P/LINE Super Diesel Additive K 20L,216.29,Oil Additives,LIQUI MOLY
LM2338,L/PER 10W-40 1L,6.55,Oils Motorcycle,LIQUI MOLY
LM2339,SPECIAL TEC LL 5W30 4L,35.51,Oils Motorcycle,LIQUI MOLY
LM2361,Top Tec 4310 0W-30,14.47,Oils Motorcycle,LIQUI MOLY
LM2362,Top Tec 4310 0W-30,68.98,Oils Motorcycle,LIQUI MOLY
LM2363,SPECIAL TEC V 0W30 20L,211.35,Oils Motorcycle,LIQUI MOLY
LM2364,SPECIAL TEC V 0W30 60L,586.57,Oils Motorcycle,LIQUI MOLY
LM2394,HAND CLEANING PASTE 500ML,4.08,Greases,LIQUI MOLY
LM2425,P/LINE ENGINE FLUSH 1L,11.82,Greases,LIQUI MOLY
LM2427,P/LINE ENGINE FLUSH 500ML,8.25,Greases,LIQUI MOLY
LM2428,P/LINE ENGINE FLUSH 5L,69.71,Greases,LIQUI MOLY
LM2447,SPECIAL TEC LL 5W-30 1L,10.35,Oils Motorcycle,LIQUI MOLY
LM2448,SPECIAL TEC LL 5W-30 5L,43.69,Oils Motorcycle,LIQUI MOLY
LM2475, H-TECH  SHPD-Motor Oil 15W-40,30.35,Oils Motorcycle,LIQUI MOLY
LM2510,G-OIL  ADDITIVE 50G,7.76,Oil Additives,LIQUI MOLY
LM2512,AUTO/TRANS CLEANER 300ML,9.24,Greases,LIQUI MOLY
LM2518,TACKY LUBE SPRAY 400ML,7.39,Greases,LIQUI MOLY
LM2520,DIESEL PURGE 1L,12.45,Greases,LIQUI MOLY
LM2523,P/LINE  F/SYS CLEN,8.33,Greases,LIQUI MOLY
LM2524,Diesel Purge,418.33,Greases,LIQUI MOLY
LM2525,DIESEL PURGE 5L,50.65,Greases,LIQUI MOLY
LM2526,M-BIKE  4T 10W-30 STREET 1L,9.25,Oils Motorcycle,LIQUI MOLY
LM2528,Diesel Purge,"1,270.43",Greases,LIQUI MOLY
LM2531,M-BIKE  4T 10W-30 Street,416.14,Oils Motorcycle,LIQUI MOLY
LM2533,RADIATOR STOP LEAK PLUS 250ML,5.08,Greases,LIQUI MOLY
LM2536,L/PER 10W-40 5L,26.84,Oils Motorcycle,LIQUI MOLY
LM2537,L/PER 10W40 20L,102.18,Oils Motorcycle,LIQUI MOLY
LM2539,MOLYGEN 15W-50 4L,28.22,Oils Motorcycle,LIQUI MOLY
LM2543,MOLYGEN 5W-50 4L,50.29,Oils Motorcycle,LIQUI MOLY
LM2544,M-BIKE  4T 10W-30 Street,"1,369.73",Oils Motorcycle,LIQUI MOLY
LM2555,M-BIKE  4T 15W-50 STREET 1L,10.24,Oils Motorcycle,LIQUI MOLY
LM2563, H-TECH  SPEC10W40 5L,28.71,Oils Motorcycle,LIQUI MOLY
LM2564, H-TECH  10W-40 205L,"1,167.53",Oils Motorcycle,LIQUI MOLY
LM2565,M-BIKE  4T 15W-50 Street,434.86,Oils Motorcycle,LIQUI MOLY
LM2566,M-BIKE  4T 15W-50 Street 205L,"1,367.45",Oils Motorcycle,LIQUI MOLY
LM2571,MoS2 Low-Friction 15W-40,35.98,Oils Motorcycle,LIQUI MOLY
LM2572,MOS2 LOW-FRICTION 15W-40 20L,130.24,Oils Motorcycle,LIQUI MOLY
LM2574,MoS2 Low-Friction 15W-40,"1,474.71",Oils Motorcycle,LIQUI MOLY
LM2591,OIL ADDITIVE 300ML,5.67,Oil Additives,LIQUI MOLY
LM2592,M-BIKE  4T SYN 5W-40 S/RACE 1L,13.63,Oils Motorcycle,LIQUI MOLY
LM2593,M-BIKE  4T SYN 5W-40 S/RACE 60L,672.53,Oils Motorcycle,LIQUI MOLY
LM2594,M-BIKE  4T SYN 5W-40 S/RACE 250L,"2,246.49",Oils Motorcycle,LIQUI MOLY
LM2626,MOS2 LEICHTLAUF 10W-40 1L,8.24,Oils Motorcycle,LIQUI MOLY
LM2678,ENGINE FLUSH 300ML,6.53,Greases,LIQUI MOLY
LM2715,M-BIKE  FORK OIL 10W MEDIUM 1L,12.14,Oil Additives,LIQUI MOLY
LM2716,M-BIKE  FORK OIL 5W LIGHT 1L,13.00,Oil Additives,LIQUI MOLY
LM2717,M-BIKE  FORK OIL 15W HEAVY 1L,13.90,Oil Additives,LIQUI MOLY
LM2719,M-BIKE  FORK OIL 7.5W MEE/LIGHT 1L,12.18,Oil Additives,LIQUI MOLY
LM2720,M-BIKE  4T SYN 5W-40 S/RACE 20L,238.49,Oils Motorcycle,LIQUI MOLY
LM2722,M-BIKE  4T 15W-50 STREET 20L,151.41,Oils Motorcycle,LIQUI MOLY
LM2724,M-BIKE  4T SYN 10W-60 S/RACE,693.41,Oils Motorcycle,LIQUI MOLY
LM2726,Polish & Wax,19.45,Greases,LIQUI MOLY
LM2736,WASH & WAX 1L,9.35,Greases,LIQUI MOLY
LM2763,Cockpit Care citrus,5.24,Greases,LIQUI MOLY
LM2770,HYDRAULIC LIFTER ADDITIVE 300ML,5.24,Oil Additives,LIQUI MOLY
LM2816,LM 40 Multi-Purpose Spray,4.86,Greases,LIQUI MOLY
LM2847,Rust Solvent with F-Shock Effect,7.08,Greases,LIQUI MOLY
LM2852,SPECIAL TEC V 0W-30 1L,10.82,Oils Motorcycle,LIQUI MOLY
LM2853,SPECIAL TEC V 0W-30 5L,53.16,Oils Motorcycle,LIQUI MOLY
LM2854,Special Tec V 0W-30,"1,822.53",Oils Motorcycle,LIQUI MOLY
LM2859,"Silicone Sealing Compound, black",21.96,Greases,LIQUI MOLY
LM2867,Rust Solvent XXL,8.41,Greases,LIQUI MOLY
LM2869,COPPER PASTE 100G,6.18,Greases,LIQUI MOLY
LM2875,Zinc Spray,8.49,Greases,LIQUI MOLY
LM2888,BRAKE FLUID DOT4 20L,251.84,Break & Clutch Fluid,LIQUI MOLY
LM2899,Silicone Spray,5.73,Greases,LIQUI MOLY
LM2952,VALVE CLEAN 150ML,6.20,Greases,LIQUI MOLY
LM2955,Fuel Protect,7.18,Greases,LIQUI MOLY
LM2991,Start Fix ,5.31,Greases,LIQUI MOLY
LM3010,LM 48 INSTALLATION PASTE 50G,8.12,Greases,LIQUI MOLY
LM3013,ATV 4T MOTOROIL 10W-40 1L,11.55,Oils Motorcycle,LIQUI MOLY
LM3014,ATV 4T MOTOROIL 10W-40 4L,40.65,Oils Motorcycle,LIQUI MOLY
LM3015,M-BIKE  4T 10W-30 STREET 20L,138.29,Oils Motorcycle,LIQUI MOLY
LM3016,M-BIKE  Fork Oil 5W light,228.08,Oil Additives,LIQUI MOLY
LM3018,M-BIKE  4T SYN 5W-40 OFF-R 1L,13.63,Oils Motorcycle,LIQUI MOLY
LM3019,M-BIKE  4T SYN 5W-40 OFF-R 4L,48.65,Oils Motorcycle,LIQUI MOLY
LM3021,Tire Fitting Paste (white) 5KG,34.76,Greases,LIQUI MOLY
LM3030,-Longlife Motor Oil S3 10W-40,228.73,Oils Motorcycle,LIQUI MOLY
LM3031,-Longlife Motor Oil S3 10W-40,727.39,Oils Motorcycle,LIQUI MOLY
LM3032,-Longlife Motor Oil S3 10W-40,"2,438.49",Oils Motorcycle,LIQUI MOLY
LM3034,M-BIKE  Performance Set,12.04,Greases,LIQUI MOLY
LM3037,M-BIKE  Cleaner 5L,66.25,Greases,LIQUI MOLY
LM3039,M-BIKE  GLOSS SPRAY WAX 400ML,13.35,Greases,LIQUI MOLY
LM3040,M-BIKE  SPEED ADDITIVE 150ML,8.67,Oil Additives,LIQUI MOLY
LM3041,M-BIKE  Petrol Stabiliser 250ML,9.82,Greases,LIQUI MOLY
LM3042,M-BIKE  RADIATOR CLEANER 150ML,5.84,Greases,LIQUI MOLY
LM3043,M-BIKE  Radiator Stop Leak 125ML,8.45,Greases,LIQUI MOLY
LM3044,M-BIKE  4T 10W-40 BASIC STREET 1L,8.35,Oils Motorcycle,LIQUI MOLY
LM3045,LM 48 SPRAY PASTE 300ML,16.71,Greases,LIQUI MOLY
LM3046,M-BIKE  4T 10W-40 BASIC STREET 4L,29.27,Oils Motorcycle,LIQUI MOLY
LM3047,M-BIKE  4T 10W-40 20L,132.94,Oils Motorcycle,LIQUI MOLY
LM3048,M-BIKE  4T 10W-40 60L,399.96,Oils Motorcycle,LIQUI MOLY
LM3049,M-BIKE  4T 10W-40 205L,"1,318.16",Oils Motorcycle,LIQUI MOLY
LM3051,M-BIKE  4T SYN 10W-50 OFF-R 1L,15.31,Oils Motorcycle,LIQUI MOLY
LM3052,M-BIKE  4T SYN 10W-50 OFF-R 4L,54.08,Oils Motorcycle,LIQUI MOLY
LM3053,M-BIKE  4T SYN 10W-60 OFF-R 1L,14.78,Oils Motorcycle,LIQUI MOLY
LM3054,M-BIKE  4T SYN 10W-60 OFF-R 4L,53.10,Oils Motorcycle,LIQUI MOLY
LM3055,M-BIKE  4T 10W-40 OFF-R 1L,11.61,Oils Motorcycle,LIQUI MOLY
LM3056,M-BIKE  4T 10W-40 OFF-R 4L,40.71,Oils Motorcycle,LIQUI MOLY
LM3057,M-BIKE  4T 15W-50 OFF-R 1L,10.24,Oils Motorcycle,LIQUI MOLY
LM3058,M-BIKE  4T 15-50 OFF-R 4L,34.04,Oils Motorcycle,LIQUI MOLY
LM3059,M-BIKE  4T 10W-40 BASIC OFF-R 1L,8.53,Oils Motorcycle,LIQUI MOLY
LM3062,M-BIKE  4T 10W-40 BASIC OFF-R 4L,29.37,Oils Motorcycle,LIQUI MOLY
LM3063,M-BIKE  2T SYN OFF-R 1L,14.37,Oils Motorcycle,LIQUI MOLY
LM3064,M-BIKE  2T SYN OFF-R 4L,52.43,Oils Motorcycle,LIQUI MOLY
LM3065,M-BIKE  2T OFF-R 1L,9.59,Oil Additives,LIQUI MOLY
LM3066,M-BIKE  2T OFF-R 4L,34.35,Oil Additives,LIQUI MOLY
LM3072,M-BIKE  G-OIL  75W-140-VS 500ML,21.27,Oils Gear & Transmission,LIQUI MOLY
LM3074,BRAKE ANTI-SQUEAL PASTE 200ML,23.65,Greases,LIQUI MOLY
LM3075,MAINTENANCE SPRAY WHITE 250ML,8.00,Greases,LIQUI MOLY
LM3076,PTFE POWDER SPRAY 400ML,9.41,Greases,LIQUI MOLY
LM3077,BRAKE ANTI-SQUEAL PASTE 100GM,9.76,Greases,LIQUI MOLY
LM3078,BRAKE ANTI-SQUEAL PASTE 10G,1.12,Greases,LIQUI MOLY
LM3079,BRAKE ANTI-SQUEAL SPRAY 400ML,13.76,Greases,LIQUI MOLY
LM3080,Copper Paste 100g,7.61,Greases,LIQUI MOLY
LM3081,COPPER PASTE 250G,15.88,Greases,LIQUI MOLY
LM3084,Brake Anti-Squeal ,67.04,Break & Clutch Fluid,LIQUI MOLY
LM3085,Brake Fluid DOT 4 500ml,9.71,Break & Clutch Fluid,LIQUI MOLY
LM3086,BRAKE FLUID SL6 DOT 4 500ML,10.35,Break & Clutch Fluid,LIQUI MOLY
LM3087,M-BIKE  G-OIL  10W-30 1L,8.65,Oils Gear & Transmission,LIQUI MOLY
LM3089,Brake Fluid DOT 3,6.22,Break & Clutch Fluid,LIQUI MOLY
LM3090,Brake Fluid DOT 3,3.71,Break & Clutch Fluid,LIQUI MOLY
LM3091,BRAKE FLUID DOT 4 250ML,3.65,Break & Clutch Fluid,LIQUI MOLY
LM3092,BRAKE FLUID DOT 5.1 250ML,4.98,Break & Clutch Fluid,LIQUI MOLY
LM3093,BRAKE FLUID DOT 4 500ML,6.24,Break & Clutch Fluid,LIQUI MOLY
LM3094,ATV Axle Oil 10W-30 1l,10.57,Oil Additives,LIQUI MOLY
LM3096,M-BIKE  FOAM FILTER OIL 1L,21.90,Oil Additives,LIQUI MOLY
LM3099,M-BIKE  FORK OIL 7.5W MED-L 500ML,7.06,Oil Additives,LIQUI MOLY
LM3110,ELECTRONIC SPRAY 200ML,6.39,Greases,LIQUI MOLY
LM3121,U- Oil for Food Technology,7.29,Greases,LIQUI MOLY
LM3139,BATTERY CLAMP GREASE 10G,0.78,Greases,LIQUI MOLY
LM3140,BATTERY CLAMP GREASE 50G,2.78,Greases,LIQUI MOLY
LM3141,BATTERY CLAMP GREASE SPRAY 300ML,11.47,Greases,LIQUI MOLY
LM3142,Battery Clamp Grease,41.73,Greases,LIQUI MOLY
LM3157,LM 376 Contact-Oil,30.67,Greases,LIQUI MOLY
LM3236,LM 301 A CONTACT-OIL 150ML,28.53,Greases,LIQUI MOLY
LM3303, Axle Grease KP2N-30,8.22,Greases,LIQUI MOLY
LM3304,MULTI-SPRAY PLUS 7 300ML,4.41,Greases,LIQUI MOLY
LM3305,MULTI-SPRAY PLUS 7 500ML,7.71,Greases,LIQUI MOLY
LM3309,MULTI-SPRAY PLUS 7 5L,42.67,Greases,LIQUI MOLY
LM3310,SILICON SPRAY 300ML,6.76,Greases,LIQUI MOLY
LM3311,Wax Coating,9.14,Greases,LIQUI MOLY
LM3312,SILICONE GREASE TRANS 100G,7.69,Greases,LIQUI MOLY
LM3315,OIL SPOT REMOVER 400ML,14.33,Greases,LIQUI MOLY
LM3316,PUMP SPRAY BOTTLE 1L,33.14,Greases,LIQUI MOLY
LM3318,RAPID CLEANER SPRAY 500ML,3.94,Greases,LIQUI MOLY
LM3319,Rapid Cleaner 5L,33.18,Greases,LIQUI MOLY
LM3321,Transmission Cleaner 150ml,6.53,Greases,LIQUI MOLY
LM3323,"Drain cock 3/4""a",5.29,Greases,LIQUI MOLY
LM3325,CAR-HOUSING CLEANER 400ML,10.55,Greases,LIQUI MOLY
LM3326,ENGINE COM CLEANER 400ML,6.73,Greases,LIQUI MOLY
LM3327,MOTOR-CONSERVE 400ML,8.71,Greases,LIQUI MOLY
LM3329,3/4 Ball Drain TAP (METAL)  1 PACK,15.92,Greases,LIQUI MOLY
LM3332,Wall Bracket for Liquid Hand Cleaner,16.35,Greases,LIQUI MOLY
LM3333,RAPID CLEANER 60L,341.84,Greases,LIQUI MOLY
LM3334,Invisible Glove 650ML,17.39,Greases,LIQUI MOLY
LM3335,Dispenser for Liquid Hand Cleaner 1pc,53.06,Greases,LIQUI MOLY
LM3339,Fluorescent Leak Finder K 50ml,9.12,Greases,LIQUI MOLY
LM3340,EXHAUST REPAIR PASTE 200G,4.78,Greases,LIQUI MOLY
LM3342,EXHAUST ASSEMBLY PASTE 150G,4.47,Greases,LIQUI MOLY
LM3343,TIRE REPAIR SPRAY 500ML,12.00,Greases,LIQUI MOLY
LM3344,EXHAUST BANDAGE 1 METRE,5.84,Greases,LIQUI MOLY
LM3345,HAND CLEANER 2L,17.25,Greases,LIQUI MOLY
LM3347, LUBRICATING GREASE KP2K-30 400G,5.22,Greases,LIQUI MOLY
LM3348, Long-term Grease KP2K-30 400g,7.29,Greases,LIQUI MOLY
LM3350,LEAK FINDER SPRAY 400ML,5.39,Greases,LIQUI MOLY
LM3351,"Engine Leak Detector, Intake Area",13.39,Greases,LIQUI MOLY
LM3353,Dis-Liquid Hand Cleaning Paste,23.86,Greases,LIQUI MOLY
LM3354,LIQ-HAND CLEANING PASTE 10L,67.90,Greases,LIQUI MOLY
LM3355,LIQ-HAND CLEANING PASTE 500ML,6.06,Greases,LIQUI MOLY
LM3358,HAND CARE CREAM 100ML,5.90,Greases,LIQUI MOLY
LM3363,HAND CLEANING PASTE 13L,51.18,Greases,LIQUI MOLY
LM3365,LIQUID HAND CLEANER 3L,23.61,Greases,LIQUI MOLY
LM3378,Drain cock for canisters 20L 1pc  ,10.71,Greases,LIQUI MOLY
LM3379,P/LINE INJ & G/PLUG DIS AID 400ML,9.04,Greases,LIQUI MOLY
LM3381,P/LINE INJ & G/PLUG GREASE 20G,4.24,Greases,LIQUI MOLY
LM3389,BRAKE AND PARTS CLEANER AIII 500ML,5.71,Greases,LIQUI MOLY
LM3390,LM 40 MULTI-PURPOSE SPRAY 200ML,4.04,Greases,LIQUI MOLY
LM3391,LM 40 MULTI PURPOSE SPRAY 400ML,4.71,Greases,LIQUI MOLY
LM3394,LM 40 Multi-Purpose Spray,4.43,Greases,LIQUI MOLY
LM3395,LM 40 MULTI-PURPOSE SPRAY 5L,46.67,Greases,LIQUI MOLY
LM3406,LM 50 LITHO HT 400G,10.92,Greases,LIQUI MOLY
LM3407,LM 50 LITHO HT 1KG,22.88,Greases,LIQUI MOLY
LM3413, Paste,90.45,Greases,LIQUI MOLY
LM3415, PASTE (can with Brush) 200ML,18.43,Greases,LIQUI MOLY
LM3418, PASTE 50G,5.75,Greases,LIQUI MOLY
LM3419, PASTE (SPRAY) 400ML,11.65,Greases,LIQUI MOLY
LM3420, PASTE 250G,23.22,Greases,LIQUI MOLY
LM3444,M-BIKE  MOS2 SHOOTER 20ML,4.37,Greases,LIQUI MOLY
LM3510,LM 47 Long-Life Grease + MoS2 100g,4.10,Greases,LIQUI MOLY
LM3520,LM 47 Long-Life Grease + MoS2 400g,9.14,Greases,LIQUI MOLY
LM3530,LM 47 Long-Life Grease + MoS2 1Kg,18.94,Greases,LIQUI MOLY
LM3540,LM 47 Long-Life Grease + MoS2,90.33,Greases,LIQUI MOLY
LM3550,LM 47 Long-Life Grease + MoS2,382.12,Greases,LIQUI MOLY
LM3552,Multipurpose Grease 400g,5.88,Greases,LIQUI MOLY
LM3553,Multipurpose Grease 1Kg,16.47,Greases,LIQUI MOLY
LM3554,Multipurpose Grease 5Kg,70.65,Greases,LIQUI MOLY
LM3557,Multipurpose Grease,"2,049.43",Greases,LIQUI MOLY
LM3579,Chain Spray 400ml,9.10,Greases,LIQUI MOLY
LM3594,HY-G-OIL   (GL5) LD 80W-90,223.45,Oils Gear & Transmission,LIQUI MOLY
LM3598,HY-G-OIL   (GL5) LD 80W-90,737.33,Oils Gear & Transmission,LIQUI MOLY
LM3606,Paste S1,"1,115.73",Greases,LIQUI MOLY
LM3611,Rapid Rust Solvent 5l,48.53,Greases,LIQUI MOLY
LM3623,Sealant Remover 300ml,8.80,Greases,LIQUI MOLY
LM3640,D/CLUTCH TRANS OIL 8100 1L,15.88,Oils Gear & Transmission,LIQUI MOLY
LM3642,D/CLUTCH TRANS 60L,731.73,Oils Gear & Transmission,LIQUI MOLY
LM3648,TOP TEC ATF 1900 1L,13.29,Oils Gear & Transmission,LIQUI MOLY
LM3649,TOP TEC ATF 1900 20L,254.35,Oils Gear & Transmission,LIQUI MOLY
LM3650,Top Tec ATF 1100,6.65,Oils Gear & Transmission,LIQUI MOLY
LM3651,TOP TEC ATF 1100 1L,11.02,Oils Gear & Transmission,LIQUI MOLY
LM3652,TOP TEC ATF 1100 5L,47.69,Oils Gear & Transmission,LIQUI MOLY
LM3653,TOP TEC ATF 1100 20L,188.22,Oils Gear & Transmission,LIQUI MOLY
LM3654,Top Tec ATF 1100,566.12,Oils Gear & Transmission,LIQUI MOLY
LM3655,Top Tec ATF 1100,"1,907.27",Oils Gear & Transmission,LIQUI MOLY
LM3658,G-OIL  GL5 75W-80 1L,12.14,Oils Gear & Transmission,LIQUI MOLY
LM3659,TOP TEC ATF 1600 1L,22.20,Oils Gear & Transmission,LIQUI MOLY
LM3661,Top Tec ATF 1400,"2,149.33",Oils Gear & Transmission,LIQUI MOLY
LM3662,TOP TEC ATF 1400 1L,12.63,Oils Gear & Transmission,LIQUI MOLY
LM3663,TOP TEC ATF 1700 1L,16.27,Oils Gear & Transmission,LIQUI MOLY
LM3664,CH/SYS- OIL 2200 1L,29.33,AdBlue and PAT Fluid,LIQUI MOLY
LM3665,CH/SYS- OIL 2300 1L,15.22,AdBlue and PAT Fluid,LIQUI MOLY
LM3666,CH/SYS- OIL 2400 1L,11.59,AdBlue and PAT Fluid,LIQUI MOLY
LM3667,CH/SYS- OIL 2500 1L,14.65,AdBlue and PAT Fluid,LIQUI MOLY
LM3679,BRAKE FLUID RACING 250ML,12.63,Break & Clutch Fluid,LIQUI MOLY
LM3680,Top Tec ATF 1200,7.80,Oils Gear & Transmission,LIQUI MOLY
LM3681,TOP TEC ATF 1200 1L,13.33,Oils Gear & Transmission,LIQUI MOLY
LM3682,TOP TEC ATF 1200 5L,61.57,Oils Gear & Transmission,LIQUI MOLY
LM3683,TOP TEC ATF 1200 20L,241.16,Oils Gear & Transmission,LIQUI MOLY
LM3684,Top Tec ATF 1200,712.84,Oils Gear & Transmission,LIQUI MOLY
LM3687,TOP TEC ATF 1800 1L,11.73,Oils Gear & Transmission,LIQUI MOLY
LM3688,TOP TEC ATF 1800 20L,213.24,Oils Gear & Transmission,LIQUI MOLY
LM3689,TOP TEC ATF 1800 60L,630.69,Oils Gear & Transmission,LIQUI MOLY
LM3690,G-OIL  (GL5) 75W-80 20L,210.98,Oils Gear & Transmission,LIQUI MOLY
LM3691,TOP TEC ATF 1300 1L,8.63,Oils Gear & Transmission,LIQUI MOLY
LM3692,TOP TEC ATF 1400 20L,218.45,Oils Gear & Transmission,LIQUI MOLY
LM3694,TOP TEC ATF 1600 20L,432.94,Oils Gear & Transmission,LIQUI MOLY
LM3695,Top Tec ATF 1700,305.98,Oils Gear & Transmission,LIQUI MOLY
LM3696,Top Tec ATF 1600,"1,508.47",Oils Gear & Transmission,LIQUI MOLY
LM3697,Top Tec ATF 1700,"2,941.88",Oils Gear & Transmission,LIQUI MOLY
LM3698,TOP TEC ATF 1300 20L,142.84,Oils Gear & Transmission,LIQUI MOLY
LM3702,TOP TEC 4100 5W-40 20L,189.12,Oils Motorcycle,LIQUI MOLY
LM3703,TOP TEC 4100 5W40 60L,521.00,Oils Motorcycle,LIQUI MOLY
LM3704,TOP TEC 4100 5W40 205L,"1,715.73",Oils Motorcycle,LIQUI MOLY
LM3708,TOP TEC 4200 5W-30 20L,243.51,Oils Motorcycle,LIQUI MOLY
LM3709,TOP TEC 4200 5W-30 60L,707.80,Oils Motorcycle,LIQUI MOLY
LM3710,Oil Additive,140.08,Oil Additives,LIQUI MOLY
LM3711,TOP TEC 4200 5W-30 205L,"2,231.78",Oils Motorcycle,LIQUI MOLY
LM3720,SPEED TEC GASOLINE 250ML,10.63,Greases,LIQUI MOLY
LM3721,CERA TEC 300ML,22.61,Greases,LIQUI MOLY
LM3722,SPEED TEC DIESEL 250ML,11.04,Greases,LIQUI MOLY
LM3725,BIO DIESEL ADDITIVE 250ML,6.35,Oil Additives,LIQUI MOLY
LM3731,TOP TEC 4500 5W-30 20L,197.39,Oils Motorcycle,LIQUI MOLY
LM3732,TOP TEC 4500 5W30 60L,569.06,Oils Motorcycle,LIQUI MOLY
LM3733,TOP TEC 4500 5W30 205L,"1,791.00",Oils Motorcycle,LIQUI MOLY
LM3737,Top Tec 4310 0W-30,248.63,Oils Motorcycle,LIQUI MOLY
LM3738,Top Tec 4310 0W-30,712.04,Oils Motorcycle,LIQUI MOLY
LM3739,Top Tec 4310 0W-30,"2,254.84",Oils Motorcycle,LIQUI MOLY
LM3742,TOP TEC 4300 5W30 20L,178.49,Oils Motorcycle,LIQUI MOLY
LM3743,TOP TEC 4300 5W30 60L,534.45,Oils Motorcycle,LIQUI MOLY
LM3744,TOP TEC 4300 5W30 205L,"1,773.51",Oils Motorcycle,LIQUI MOLY
LM3752,TOP TEC 4400 5W-30 20L,223.67,Oils Motorcycle,LIQUI MOLY
LM3753,TOP TEC 4400 5W30 60L,627.39,Oils Motorcycle,LIQUI MOLY
LM3754,TOP TEC 4400 5W30 205L,"2,045.33",Oils Motorcycle,LIQUI MOLY
LM3757,TOP TEC 4600 5W30 20L,183.59,Oils Motorcycle,LIQUI MOLY
LM3758,TOP TEC 4600 5W30 60L,516.90,Oils Motorcycle,LIQUI MOLY
LM3759,TOP TEC 4600 5W-30 205L,"1,275.37",Oils Motorcycle,LIQUI MOLY
LM3767,SPECIAL TEC DX1 5W30 20L,167.63,Oils Motorcycle,LIQUI MOLY
LM3778,TOP TEC  4450 15W-40 20L,145.00,Oils Motorcycle,LIQUI MOLY
LM3779,Top Tec  4450 15W-40,533.76,Oils Motorcycle,LIQUI MOLY
LM3780,Top Tec  4450 15W-40,"1,742.25",Oils Motorcycle,LIQUI MOLY
LM3786,TOP TEC  4350 5W-30 20L,203.86,Oils Motorcycle,LIQUI MOLY
LM3787,TOP TEC  4350 53-30 60L,606.94,Greases,LIQUI MOLY
LM3788,Top Tec  4350 5W-30,"2,029.88",Oils Motorcycle,LIQUI MOLY
LM3794,TOP TEC  4050 10W40 20L,143.57,Oils Motorcycle,LIQUI MOLY
LM3795,Top Tec  4050 10W-40,471.96,Oils Motorcycle,LIQUI MOLY
LM3798,TOP TEC  4050 10W-40 205L,"1,440.16",Oils Motorcycle,LIQUI MOLY
LM3801,S/RET- MEDIUM STRENGTH 10G,4.47,Greases,LIQUI MOLY
LM3802,S/RET- MEDIUM STRENGTH 50G,13.59,Greases,LIQUI MOLY
LM3803,S/RET- HIGH STRENGTH 10G,4.47,Greases,LIQUI MOLY
LM3804,S/RET- HIGH STRENGTH 50G,13.59,Greases,LIQUI MOLY
LM3805,INSTANT GLUE 10G,3.10,Greases,LIQUI MOLY
LM3806,Bushing and Bearing Fixation 10g,7.65,Greases,LIQUI MOLY
LM3807,BUSHING AND BEARING FIXATION 50G,16.86,Greases,LIQUI MOLY
LM3810,SURFACE SEAL 50G,16.08,Greases,LIQUI MOLY
LM3811,Screw Grip 20g,14.29,Greases,LIQUI MOLY
LM3812,S/RET- Fine Mechanics 10g,6.71,Greases,LIQUI MOLY
LM3816,M-BIKE  HD SYN 20W-50 STREET 1L,17.06,Oils Motorcycle,LIQUI MOLY
LM3817,M-BIKE  HD SYN 20W-50 STREET 4L,62.22,Oils Motorcycle,LIQUI MOLY
LM3818,M-BIKE  HD SYN 20W-50 Street,286.53,Oils Motorcycle,LIQUI MOLY
LM3819,M-BIKE  HD SYN 20W-50 STREET 60L,844.12,Oils Motorcycle,LIQUI MOLY
LM3820,M-BIKE  HD SYN 20W-50 Street,"2,860.08",Oils Motorcycle,LIQUI MOLY
LM3821,M-BIKE  G-OIL  80W-90 1L,8.98,Oils Gear & Transmission,LIQUI MOLY
LM3822,M-BIKE  G-OIL  HD 150 1L,25.86,Oils Gear & Transmission,LIQUI MOLY
LM3825,M-BIKE  G-OIL  75W-90 1L,17.25,Oils Gear & Transmission,LIQUI MOLY
LM3826,M-BIKE  G-OIL  75W-90 20L,338.06,Oils Gear & Transmission,LIQUI MOLY
LM3828,M-BIKE  Fork Oil 10W medium,214.43,Greases,LIQUI MOLY
LM3834,SPECIAL TEC AA 5W20 20L,193.55,Oils Motorcycle,LIQUI MOLY
LM3835,SPECIAL TEC AA 5W20 60L,527.80,Oils Motorcycle,LIQUI MOLY
LM3840,SPECIAL TEC F ECO 5W20 1L,11.92,Oils Motorcycle,LIQUI MOLY
LM3841,SPECIAL TEC F ECO 5W20 5L,54.96,Oils Motorcycle,LIQUI MOLY
LM3842,SPECIAL TEC F ECO 5W-20 20L,190.27,Oils Motorcycle,LIQUI MOLY
LM3843,SPECIAL TEC F ECO 5W20 60L,560.41,Oils Motorcycle,LIQUI MOLY
LM3844,SPECIAL TEC F ECO 5W20 205L,"1,821.37",Oils Motorcycle,LIQUI MOLY
LM3847,S/RET- Medium Strength 10g,6.80,Greases,LIQUI MOLY
LM3848,INSTANT GLUE 10GM,5.25,Greases,LIQUI MOLY
LM3851,S/RET- HIGH STRENGTH 10GM,6.75,Greases,LIQUI MOLY
LM3854,SPECIAL TEC F 5W-30 20L,161.51,Oils Motorcycle,LIQUI MOLY
LM3856,SPECIAL TEC F 5W-30 60L,460.57,Oils Motorcycle,LIQUI MOLY
LM3857,SPECIAL TEC F 5W-30 205L,"1,513.25",Oils Motorcycle,LIQUI MOLY
LM3867,LEICHTLAUF H-TECH  5W-40 20L,185.22,Oils Motorcycle,LIQUI MOLY
LM3868,LEICHTLAUF H-TECH  5W-40 60L,519.73,Oils Motorcycle,LIQUI MOLY
LM3869,LEICHTLAUF H-TECH  5W40 205L,"1,632.02",Oils Motorcycle,LIQUI MOLY
LM3910,Leichtlauf 10W-40,"1,221.84",Oils Motorcycle,LIQUI MOLY
LM4012, Valve Protection for Gas Vehicles 1L,16.37,Greases,LIQUI MOLY
LM4020,LM 145 LUB COMPOUND 300ML,8.88,Greases,LIQUI MOLY
LM4032,LM 203 MOS2 A/FRIC LAC 300ML,28.84,Greases,LIQUI MOLY
LM4033,LM 203 MoS2 A/FRIC LAC 1KG,309.29,Greases,LIQUI MOLY
LM4058,W/HUB Paste (can with brush) 200ml,18.22,Greases,LIQUI MOLY
LM4061,Copper Paste 1Kg,52.92,Greases,LIQUI MOLY
LM4066,Air Flow Sensor Cleaner 200ml,6.75,Greases,LIQUI MOLY
LM4076,LM 500 Compressor Oil SAE 30,291.73,Greases,LIQUI MOLY
LM4079,Air-Conditioning ULASONIC,14.39,Greases,LIQUI MOLY
LM4082,PAG Air Conditioning Oil 150 250ml,14.55,Greases,LIQUI MOLY
LM4083,PAG Air Conditioning Oil 46  250ml,13.35,Greases,LIQUI MOLY
LM4085,V-Belt Spray 400ml,11.08,Greases,LIQUI MOLY
LM4086,Weld Protection Spray  500ml,7.35,Greases,LIQUI MOLY
LM4087,A/C SYS-CLEN (Spray) 250ml,18.47,Greases,LIQUI MOLY
LM4089,PAG Air Conditioning Oil 100  250ml,11.63,Greases,LIQUI MOLY
LM4090,A/C SYS Cleaner Gun 1 PCE,195.25,Greases,LIQUI MOLY
LM4091,A/C SYS-CLEN  1l,13.12,Greases,LIQUI MOLY
LM4092,A/C SYS-CLEN  5l,68.37,Greases,LIQUI MOLY
LM4096,LM 48 Installation Paste,64.71,Greases,LIQUI MOLY
LM4118,LM 51 2-COMPONENTS 1KG,148.59,Greases,LIQUI MOLY
LM4218,HY G-OIL  (GL4/5) TDL SAE 80W-90,227.16,Oils Gear & Transmission,LIQUI MOLY
LM4406,HY G-OIL  (GL5) SAE 80W-90 1L,9.78,Oils Gear & Transmission,LIQUI MOLY
LM4414,LM 750 Compressor Oil SAE 40,154.84,Oil Additives,LIQUI MOLY
LM4419,LM 750 COMPRESSOR OIL SAE 40 10L,226.63,Oil Additives,LIQUI MOLY
LM4420,F-SYN  HY G-OIL  GL5 LS 75W-140 500ML,17.59,Oils Gear & Transmission,LIQUI MOLY
LM4421,F/SYN HY G-OIL  (GL5) LS SAE 75W140 1L,34.16,Oils Gear & Transmission,LIQUI MOLY
LM4422,F-SYN  HY G-OIL  (GL5) LS 75W-140 20L,650.02,Oils Gear & Transmission,LIQUI MOLY
LM4423,F-SYN  HY G-OIL  (GL5) LS SAE 75W-140,"1,853.86",Oils Gear & Transmission,LIQUI MOLY
LM4424,ATF DEXRON II D 20L,142.61,Oils Gear & Transmission,LIQUI MOLY
LM4426,H/PER   G-OIL  (GL3+) SAE 75W-80 500ML,8.08,Oils Gear & Transmission,LIQUI MOLY
LM4427,H/PER   G-OIL  (GL3+) SAE 75W-80 1L,19.96,Oils Gear & Transmission,LIQUI MOLY
LM4428,H/PER   G-OIL  (GL3+) SAE 75W-80 20L,338.29,Oils Gear & Transmission,LIQUI MOLY
LM4429,H/PER   G-OIL  (GL3+) SAE 75W-80,947.49,Oils Gear & Transmission,LIQUI MOLY
LM4433,H/PER   G-OIL  (GL4+) 75W-90 500ML,11.67,Oils Gear & Transmission,LIQUI MOLY
LM4434,H/PER   G-OIL  (GL4+) SAE 75W-90 1L,18.04,Oils Gear & Transmission,LIQUI MOLY
LM4435,H/PER   G-OIL  (GL4+) SAE 75W-90 20L,332.18,Oils Gear & Transmission,LIQUI MOLY
LM4436,H/PER  G-OIL  (GL4+) SAE 75W-90 60L,"1,079.12",Oils Gear & Transmission,LIQUI MOLY
LM4443,ATF Dexron II D 1l,8.49,Oils Gear & Transmission,LIQUI MOLY
LM4606, TOP-UP OIL 10W-40 5L,38.49,Oils Motorcycle,LIQUI MOLY
LM4701, Long-life Motor Oil 10W-40,478.75,Oils Motorcycle,LIQUI MOLY
LM4702, Long-life Motor Oil 10W-40,"1,541.08",Oils Motorcycle,LIQUI MOLY
LM4703,Tractor Oil STOU 10W-40,508.37,Oils Motorcycle,LIQUI MOLY
LM4704,Tractor Oil STOU 10W-40,"1,754.88",Oils Motorcycle,LIQUI MOLY
LM4705,HY G-OIL  (GL4/5) TDL SAE 80W-90,700.55,Oils Gear & Transmission,LIQUI MOLY
LM4706,HY G-OIL  (GL5) LS SAE 85W-90,200.39,Oils Gear & Transmission,LIQUI MOLY
LM4707,HY G-OIL  (GL5) LS SAE 85W-90,601.82,Oils Gear & Transmission,LIQUI MOLY
LM4708,HY G-OIL  (GL4/5) TDL SAE 75W-90 60L,814.53,Oils Gear & Transmission,LIQUI MOLY
LM4709,HY G-OIL  (GL4/5) TDL SAE 75W-90,"3,124.59",Oils Gear & Transmission,LIQUI MOLY
LM4718,G-OIL  (GL4) SAE 80W,"1,689.02",Oils Gear & Transmission,LIQUI MOLY
LM4721,HY G-OIL  (GL4/5) TDL SAE 80W-90,"2,327.53",Oils Gear & Transmission,LIQUI MOLY
LM4722,Tractor Oil STOU 10W-40 20L,149.84,Oils Motorcycle,LIQUI MOLY
LM4733, Long-life Motor Oil 10W-40,153.78,Oils Motorcycle,LIQUI MOLY
LM4743, Low-friction Motor Oil 10W-40,145.75,Oils Motorcycle,LIQUI MOLY
LM4744, Low-friction Motor Oil 10W-40,439.59,Oils Motorcycle,LIQUI MOLY
LM4747, Low-friction Motor Oil 10W-40,"1,477.10",Oils Motorcycle,LIQUI MOLY
LM4749,Tractor Oil UTTO 10W-30 20l,151.31,Oils Motorcycle,LIQUI MOLY
LM4751,Tractor Oil UTTO 10W-30,513.25,Oils Motorcycle,LIQUI MOLY
LM5037,P/LINE  DPF  Cleaner,92.98,Greases,LIQUI MOLY
LM5105,SPEED PETROL ADDITIVE 1L,17.00,Oil Additives,LIQUI MOLY
LM5107,PETROL STABILISER 250ML,9.63,Greases,LIQUI MOLY
LM5108,Fuel System Treatment 300ML,6.35,Greases,LIQUI MOLY
LM5111,P/LINE Throttle Valve Cleaner  400ml,11.61,Greases,LIQUI MOLY
LM5116,HYDRAULIC SYSTEM ADDITIVE 1L,12.61,Oil Additives,LIQUI MOLY
LM5118, PLUS 1 PCE,"1,243.20",Greases,LIQUI MOLY
LM5122,DIESEL LUBRICITY ADDITIVE 150ML,6.10,Oil Additives,LIQUI MOLY
LM5123,P/LINE DPF PROTECTION 1L,24.63,Greases,LIQUI MOLY
LM5131,Diesel Flow Fit K 1L,20.39,Greases,LIQUI MOLY
LM5132,Diesel Flow Fit K 5L,79.90,Greases,LIQUI MOLY
LM5133,Diesel Flow Fit K,306.27,Greases,LIQUI MOLY
LM5137,P/LINE  Fuel Tank Cleaner 500ML,10.69,Greases,LIQUI MOLY
LM5140,SUPER DIESEL ADDITIVE 5L ,60.80,Oil Additives,LIQUI MOLY
LM5144,P/LINE Diesel SYS-CLEN K 1l,27.98,Greases,LIQUI MOLY
LM5145,SUPER DIESEL ADDITIVE 50L,395.67,Oil Additives,LIQUI MOLY
LM5146,Super Diesel Additive,"1,424.20",Oil Additives,LIQUI MOLY
LM5147,P/LINE F/SYS CLEN 1L,19.00,Greases,LIQUI MOLY
LM5149,P/LINE  D/INJ CLEN 1L,18.24,Greases,LIQUI MOLY
LM5151,P/LINE  F/SYS CLEN 5L,67.76,Greases,LIQUI MOLY
LM5152,P/LINE  F/SYS CLEN K 500ml,29.63,Greases,LIQUI MOLY
LM5153,P/LINE GASOLINE SYS-CLEN 500ML,13.08,Greases,LIQUI MOLY
LM5154,P/LINE  D/INJ CLEN 500ML,12.82,Greases,LIQUI MOLY
LM5155,P/LINE  D/INJ CLEN 5L,65.65,Greases,LIQUI MOLY
LM5156,P/LINE DIESEL SYS-CLEN 500ML,14.06,Greases,LIQUI MOLY
LM5159,P/LINE Diesel SYS-CLEN,"1,158.76",Greases,LIQUI MOLY
LM5168,P/LINE Intake SYS-CLEN Diesel 400ml,25.27,Greases,LIQUI MOLY
LM5169,P/LINE DPF CLEANER 1L,30.69,Greases,LIQUI MOLY
LM5171,P/LINE DPF PURGE 500ML,22.29,Greases,LIQUI MOLY
LM5176,P/LINE SUPER DIESEL ADDITIVE 1L,28.06,Oil Additives,LIQUI MOLY
LM5178,P/LINE RADIATOR STOP LEAK K 250ML,10.12,Greases,LIQUI MOLY
LM5182,P/LINE OIL LOSS STOP 1L,23.75,Greases,LIQUI MOLY
LM5189,P/LINE RADIATOR CLEANER 1L,17.14,Greases,LIQUI MOLY
LM5196,P/LINE VISCO-PLUS 1L,13.80,Greases,LIQUI MOLY
LM5197,P/LINE ENGINE WEAR PROTECTION 1L,24.33,Greases,LIQUI MOLY
LM5198,P/LINE G-OIL  ADDITIVE 150ml,25.65,Oil Additives,LIQUI MOLY
LM5199,P/LINE G-OIL  LEAK STOP 500ML,28.98,Oils Gear & Transmission,LIQUI MOLY
LM5200,OIL SLUDGE FLUSH 300ML,10.39,Greases,LIQUI MOLY
LM5310,GREASE GUN FOR CARTRIDGES 1 PCE,33.84,Greases,LIQUI MOLY
LM6028,LIQUIFAST 9000 (BAG SET) 1 PCE,30.55,Greases,LIQUI MOLY
LM6051,BIKE CHAIN OIL DRY LUBE 100ML,10.27,Greases,LIQUI MOLY
LM6052,BIKE CHAIN OIL WET LUBE 100ML,7.53,Greases,LIQUI MOLY
LM6054,BIKE BRAKE AND CHAIN CLEANER 400ML,4.59,Greases,LIQUI MOLY
LM6055,BIKE CHAIN SPRAY 400ML,11.78,Greases,LIQUI MOLY
LM6056,BIKE TYRE FIX 75ML,9.94,Greases,LIQUI MOLY
LM6057,Bike LM 40 Multi-Purpose Spray,5.14,Greases,LIQUI MOLY
LM6058,Bike Gloss Spray Wax 400ML,8.88,Greases,LIQUI MOLY
LM6100,UNDERSEAL BLACK SPRAY 500ML,11.49,Greases,LIQUI MOLY
LM6102,UNDERSEAL ANTHRACITE/BLACK 1L,16.88,Greases,LIQUI MOLY
LM6103,Rust Pro Wax BROWN (Spray) 500ML,10.57,Greases,LIQUI MOLY
LM6104,RUST PRO WAX BEIGE/TRANSPARENT 1L,16.96,Greases,LIQUI MOLY
LM6105,"Stoneguard, gray (Spray)",12.37,Greases,LIQUI MOLY
LM6106,"Stoneguard, gray",15.69,Greases,LIQUI MOLY
LM6107,"Cavity Protection, light brown (Spray)",10.73,Greases,LIQUI MOLY
LM6108,"Cavity Protection, light brown",16.45,Greases,LIQUI MOLY
LM6109,STONEGUARD BLACK 500ML,12.71,Greases,LIQUI MOLY
LM6110,"Stoneguard, black",15.69,Greases,LIQUI MOLY
LM6111,UNDERSEAL BLACK SPRAY 500ML,11.22,Greases,LIQUI MOLY
LM6112,UNDERSEAL BLACK 1L,12.12,Greases,LIQUI MOLY
LM6113,UNDERSEAL SPRAY 500ML,10.47,Greases,LIQUI MOLY
LM6114,UNDERSEAL BLACK 1L,14.16,Greases,LIQUI MOLY
LM6115,CAVITY PRO TRANS (SPRAY) 500ml,6.29,Greases,LIQUI MOLY
LM6116,CAVITY PRO TRANS 1L,15.29,Greases,LIQUI MOLY
LM6118,"Cavity Protection, transparent",149.73,Greases,LIQUI MOLY
LM6119,UNDERSEAL SPREADABLE BLACK 2KG,25.08,Greases,LIQUI MOLY
LM6120,"Wax Underseal, anthracite/black",954.47,Greases,LIQUI MOLY
LM6126,LIQUIMATE 7700 MINI  CARTRIDGE 50ML,22.63,Greases,LIQUI MOLY
LM6130,Cleaner and Thinner 1l,14.24,Greases,LIQUI MOLY
LM6135,CABLE GREASE (SPRAY) 500ML,8.61,Greases,LIQUI MOLY
LM6136,Liquifast 1402,16.57,Greases,LIQUI MOLY
LM6137,Liquifast 1402,19.27,Greases,LIQUI MOLY
LM6138,Liquifast 1402 (Cartridge-set),32.49,Greases,LIQUI MOLY
LM6139,LIQUIFAST 1502 310ML,19.00,Greases,LIQUI MOLY
LM6140,Liquifast 1502,21.57,Greases,LIQUI MOLY
LM6141,Liquifast 1502 (Cartridge-set),35.51,Greases,LIQUI MOLY
LM6146,LIQUIMATE 8100 1K-PUR BLACK 300ML,10.51,Greases,LIQUI MOLY
LM6147,Liquimate 8100 1K-PUR white,11.18,Greases,LIQUI MOLY
LM6148,Liquimate 8200 MS Polymer black,15.86,Greases,LIQUI MOLY
LM6149,Liquimate 8200 MS Polymer white,15.86,Greases,LIQUI MOLY
LM6150,LIQUIMATE 8300 SEAM GRAY 310ML,14.82,Greases,LIQUI MOLY
LM6151,LIQUIMATE 8300 SEALANT BLACK 310ML,14.82,Greases,LIQUI MOLY
LM6154,Liquimate 8100 1K-PUR gray,11.18,Greases,LIQUI MOLY
LM6155,LIQUIFAST 1402 (Bag Set) 400ml,35.25,Greases,LIQUI MOLY
LM6156,Liquifast 1502 (Bag-set),38.12,Greases,LIQUI MOLY
LM6157,LIQUIFAST 1599 310ml,23.65,Greases,LIQUI MOLY
LM6162,Liquimate 7700 Mini cartridge,23.94,Greases,LIQUI MOLY
LM6165,SUPER ADHESIVE 8050 MS 290ML,21.51,Greases,LIQUI MOLY
LM6171,LIQUIFAST 9000 (Bag) 400ml,17.84,Greases,LIQUI MOLY
LM6177,SILICONE S/ COMPOUND BLACK 80ML,8.25,Greases,LIQUI MOLY
LM6179, 2-Component P- Adhesive 25ml,9.98,Greases,LIQUI MOLY
LM6181,ACTIVE PRIMER 30ML,9.65,Greases,LIQUI MOLY
LM6183,EPOXY-ADHESIVE 25ML,8.35,Greases,LIQUI MOLY
LM6184,SEALING COMPOUND TRANS 200ML,21.90,Greases,LIQUI MOLY
LM6185,SEALING COMPOUND BLACK 200ML,21.63,Greases,LIQUI MOLY
LM6187,METAL PUTTY 56G,7.31,Greases,LIQUI MOLY
LM6192,ADHESIVE BODY SPRAY 400ML,13.02,Greases,LIQUI MOLY
LM6193,LIQUID METAL 25ML,12.20,Greases,LIQUI MOLY
LM6194,REARVIEW MIRROR ADHESIVE SET 1ML,8.86,Greases,LIQUI MOLY
LM6196,Glass Sealing Compound 310ML,14.39,Greases,LIQUI MOLY
LM6197,ROUND SEALING CORD 1 PCE,65.45,Greases,LIQUI MOLY
LM6208,Cavity Seal Spray Probe,7.49,Greases,LIQUI MOLY
LM6229,Toolset for Glass Repairs,618.12,Greases,LIQUI MOLY
LM6261,Laminated Glass Repair System Case,572.10,Greases,LIQUI MOLY
LM6265,"Laminated Glass Repair Sys Case, /Car","1,478.69",Greases,LIQUI MOLY
LM6297,Grinding and Polishing Paste 25ml,16.18,Greases,LIQUI MOLY
LM6298,Size Resin,22.51,Greases,LIQUI MOLY
LM6299,Repair Resin with Injector,35.75,Greases,LIQUI MOLY
LM6738,SPECIAL TEC AA 0W20 1L,10.45,Oils Motorcycle,LIQUI MOLY
LM6739,SPECIAL TEC AA 0W20 5L,50.63,Oils Motorcycle,LIQUI MOLY
LM6902,W/S  DE-ICER 500ML,5.33,Greases,LIQUI MOLY
LM6923,W/S  Frost Guard Concentrate -60 �C 1L,4.53,Greases,LIQUI MOLY
LM6925,W/S  CLEANER COMPACT (24 PER BOX),1.63,Greases,LIQUI MOLY
LM6959,Tractor Oil UTTO 10W-30,"1,868.45",Oils Motorcycle,LIQUI MOLY
LM6960,Tractor Oil STOU/UTTO,150.92,Greases,LIQUI MOLY
LM6962,Tractor Oil STOU/UTTO,"1,310.78",Greases,LIQUI MOLY
LM7055,Oil Change Canister 1pc,19.06,Greases,LIQUI MOLY
LM7110,CATALYTIC-SYSTEM CLEAN 300ML,6.37,Greases,LIQUI MOLY
LM7178,OIL ADDITIVE 200ML,6.61,Oil Additives,LIQUI MOLY
LM7179,DIESEL SMOKE STOP CONCEN 250ML,8.96,Greases,LIQUI MOLY
LM7180,DPF PROTECTOR 250ML,4.71,Greases,LIQUI MOLY
LM7182,RUBBER CARE 75ML,3.78,Greases,LIQUI MOLY
LM7250,Oil & Chemical Binding Agents,27.24,Greases,LIQUI MOLY
LM7351,NOVA SUPER 10W40 5L,26.14,Oils Motorcycle,LIQUI MOLY
LM7384,P/LINE PTFE POWDER SPRAY 400ML,6.25,Greases,LIQUI MOLY
LM7385,P/LINE  SPRAY 400ML,8.00,Greases,LIQUI MOLY
LM7386,P/LINE ELECTRONIC SPRAY 400ML,8.02,Greases,LIQUI MOLY
LM7387,P/LINE MAIN/SPRAY WHITE 400ML,9.04,Greases,LIQUI MOLY
LM7388,P/LINE TACKY LUBE SPRAY 400ML,9.57,Greases,LIQUI MOLY
LM7389,P/LINE SILICONE SPRAY 400ML,6.39,Greases,LIQUI MOLY
LM7390,P/LINE RAPID RUST SOLVENT 400ML,5.75,Greases,LIQUI MOLY
LM7517,SPECIAL TEC AA 5W30 20L,173.63,Oils Motorcycle,LIQUI MOLY
LM7518,Special Tec AA 5W-30,"1,624.29",Oils Motorcycle,LIQUI MOLY
LM7521, H-TECH  10W-30 1l,6.86,Oils Motorcycle,LIQUI MOLY
LM7530,SPECIAL TEC AA 5W-30 5L,44.75,Oils Motorcycle,LIQUI MOLY
LM7615,SPECIAL TEC AA 5W-30 1L,9.92,Oils Motorcycle,LIQUI MOLY
LM7622,Special Tec AA 5W-20,"1,528.08",Greases,LIQUI MOLY
LM7803,DRUM RACK FOR 2 X 60L DRUMS  PAN ,685.33,Greases,LIQUI MOLY
LM7804,MEASURING CUP SET,91.41,Greases,LIQUI MOLY
LM7806,"Oil Funnel, plastic 1pc",7.98,Greases,LIQUI MOLY
LM7812,Oil Drip Pan,700.78,Greases,LIQUI MOLY
LM7820,M-BIKE  SPEED SHOOTER 80ML,4.39,Greases,LIQUI MOLY
LM7822,M-BIKE  4T SHOOTER 80ML,4.06,Greases,LIQUI MOLY
LM7828,WASTE OIL SUCTION DEVICE 1 PCE,"1,242.90",Greases,LIQUI MOLY
LM7839,G-OIL  FILLER 1 PCE,588.04,Oils Gear & Transmission,LIQUI MOLY
LM7924,DRAIN COCK +O-RING DIN 61 1 PCE (20l),10.20,Greases,LIQUI MOLY
LM7932,PLASTIC HAND PUMP 1 PCE,79.47,Greases,LIQUI MOLY
LM7941,Oil Filling Unit for Transmissions 1pc,523.00,Greases,LIQUI MOLY
LM7945,DPF PROBE WITH 5 INTER TIPS 1 PCE,317.10,Greases,LIQUI MOLY
LM7946,DPF PRESSURIZED TANK SPRAY GUN 1PCE,235.18,Greases,LIQUI MOLY
LM7954,Drum Packet D,"2,672.41",Greases,LIQUI MOLY
LM7988,DRUM FILL LEVEL INDICATOR 1 PCE,54.12,Greases,LIQUI MOLY
LM7989,MANUAL MEASURE SYRINGE 1000ML ,83.02,Greases,LIQUI MOLY
LM7994,DRUM RACK WITH OIL DRIP PAN (6 x 60),"1,230.98",Greases,LIQUI MOLY
LM8067,SPECIAL TEC AA 0W20 205L,"1,646.61",Oils Motorcycle,LIQUI MOLY
LM8071,SPECIAL TEC AA 0W20 20L,195.43,Oils Motorcycle,LIQUI MOLY
LM8072,SPECIAL TEC AA 0W20 60L,523.06,Oils Motorcycle,LIQUI MOLY
LM8198,GLOSS WAXING SHAMPOO 10L,86.94,Greases,LIQUI MOLY
LM8365,FUEL SYSTEM TREATMENT 300ML,6.24,Greases,LIQUI MOLY
LM8374,ENGINE FLUSH PLUS 300ML,6.00,Greases,LIQUI MOLY
LM8422,Molygen New Generation 10W-30,"1,719.14",Oils Motorcycle,LIQUI MOLY
LM8460,SPECIAL TEC LR 5W20 5L,48.86,Oils Motorcycle,LIQUI MOLY
LM8536,MOLYGEN NEW GENERATION 5W-40 5L,52.31,Oils Motorcycle,LIQUI MOLY
LM8539,MOLYGEN NEW GENERATION 5W-20 1L,10.37,Oils Motorcycle,LIQUI MOLY
LM8540,MOLYGEN NEW GENERATION 5W-20 5L,50.37,Oils Motorcycle,LIQUI MOLY
LM8576,MOLYGEN NEW GENERATION 5W40 1L,12.04,Oils Motorcycle,LIQUI MOLY
LM8901,OIL SMOKE STOP 300ML,5.59,Greases,LIQUI MOLY
LM8902,Special Tec F 0W-30,13.29,Oils Motorcycle,LIQUI MOLY
LM8903,Special Tec F 0W-30,62.33,Oils Motorcycle,LIQUI MOLY
LM8905, H-TECH  15W-40 1L,7.49,Oils Motorcycle,LIQUI MOLY
LM8908,SYN-OIL RACE TECH GT1 10W-60 1L,14.90,Oils Motorcycle,LIQUI MOLY
LM8909,SYN-OIL RACE TECH GT1 10W-60 5L,68.53,Oils Motorcycle,LIQUI MOLY
LM8916,COLD SPRAY 400ML,9.35,Greases,LIQUI MOLY
LM8929,Diesel Flow Fit,5.63,Greases,LIQUI MOLY
LM8931,CATALYTIC SYS.CLEANER 300ML,5.31,Greases,LIQUI MOLY
LM8948,Silicone Sealing Compound (Red) 80ml,8.25,Greases,LIQUI MOLY
LM8953,COMMON RAIL ADDITIVE 250ML,7.06,Oil Additives,LIQUI MOLY
LM8956,RADIATOR STOP LEAK 150ML,4.98,Greases,LIQUI MOLY
LM8958,VISCOPLUS FOR OIL 300ML,6.71,Greases,LIQUI MOLY
LM8972,TOP TEC 4200 5W-30 1L,14.41,Oils Motorcycle,LIQUI MOLY
LM8973,TOP TEC 4200 5W-30 5L,64.55,Oils Motorcycle,LIQUI MOLY
LM8976,SYN-OIL LONGTIME 0W30 1L,12.98,Oils Motorcycle,LIQUI MOLY
LM8977,SYN-OIL LONGTIME 0W30 5L,55.16,Oils Motorcycle,LIQUI MOLY
LM9001,2K A/C SYS-CLEN 5L,54.84,Greases,LIQUI MOLY
LM9044,Molygen New Generation 5W-30,537.47,Oils Motorcycle,LIQUI MOLY
LM9045,Molygen New Generation 5W-30,"1,712.22",Oils Motorcycle,LIQUI MOLY
LM9047,MOLYGEN NEW GENERATION 5W-30 1L,10.71,Oils Motorcycle,LIQUI MOLY
LM9056,Molygen New Generation 5W-40,565.47,Oils Motorcycle,LIQUI MOLY
LM9057,MOLYGEN NEW GEN 5W40 205L,"1,814.80",Oils Motorcycle,LIQUI MOLY
LM9063,Molygen New Generation 10W-40,419.25,Oils Motorcycle,LIQUI MOLY
LM9064,Molygen New Generation 10W-40,"1,324.35",Oils Motorcycle,LIQUI MOLY
LM9500,LEICHTLAUF 10W-40 1 L,7.16,Oils Motorcycle,LIQUI MOLY
LM9502,LEICHTLAUF 10W-40 5L,29.25,Oils Motorcycle,LIQUI MOLY
LM9503,SUPER LEICHTLAUF 10W40 1L,7.08,Oils Motorcycle,LIQUI MOLY
LM9505,SUPER LEICHTLAUF 10W40 5L,29.20,Oils Motorcycle,LIQUI MOLY
LM9506,LONGTIME H-TECH  5W-30 1L,10.49,Oils Motorcycle,LIQUI MOLY
LM9507,LONGTIME H-TECH  5W-30 5L,48.96,Oils Motorcycle,LIQUI MOLY
LM9509,SPECIAL TEC 5W30 5L,45.84,Oils Motorcycle,LIQUI MOLY
LM9510,TOP TEC 4100 5W-40 1L,13.98,Oils Motorcycle,LIQUI MOLY
LM9511,TOP TEC 4100 5W-40 5L,54.75,Oils Motorcycle,LIQUI MOLY
LM9514,SYN-OIL ENERGY 0W-40 1L,13.59,Oils Motorcycle,LIQUI MOLY
LM9515,SYN-OIL ENERGY 0W-40 5L,55.06,Oils Motorcycle,LIQUI MOLY
LM9700,Top Tec ATF 1100 G,10.75,Oils Gear & Transmission,LIQUI MOLY
LM9703,TOP TEC ATF 1200 G 1L,11.02,Oils Gear & Transmission,LIQUI MOLY
LM9802,Air Conditioner Cleaning Set,340.65,Greases,LIQUI MOLY
LM9913,P/LINE Electronic Spray,9.90,Greases,LIQUI MOLY
LM9917,P/LINE Rapid Rust Solvent,7.65,Greases,LIQUI MOLY
LM9951,MOLYGEN NEW GEN 10W-40 5L,35.14,Oils Motorcycle,LIQUI MOLY
LM9952,MOLYGEN NEW GENERATION 5W-30 5L,50.82,Oils Motorcycle,LIQUI MOLY
LM9955,MOLYGEN NEW GEN 10W-40 1L,7.90,Oils Motorcycle,LIQUI MOLY
LM9975,MOLYGEN NEW GENERATION 10W-30 1L,12.57,Oils Motorcycle,LIQUI MOLY
LM9978,MOLYGEN NEW GENERATION 10W-30 5L,53.98,Oils Motorcycle,LIQUI MOLY
LM20000,CLIMATE REFRESH 75ML,9.63,Greases,LIQUI MOLY
LM20597,M-BIKE  ENGINE FLUSH SHOOTER 80ML,3.43,Greases,LIQUI MOLY
LM20604,Bike Kettenspray,8.90,Greases,LIQUI MOLY
LM20612,P/LINE PTFE H/PER  Lube Spray 400ML,10.12,Greases,LIQUI MOLY
LM20613,Top Tec ATF 1300,501.43,Oils Gear & Transmission,LIQUI MOLY
LM20614,Top Tec ATF 1400,639.84,Oils Gear & Transmission,LIQUI MOLY
LM20615,Top Tec ATF 1900,665.69,Oils Gear & Transmission,LIQUI MOLY
LM20624,Top Tec ATF 1800,"1,973.12",Oils Gear & Transmission,LIQUI MOLY
LM20625,TOP TEC ATF 1800R 1L,11.39,Oils Gear & Transmission,LIQUI MOLY
LM20626,D/CLUTCH TRANS OIL 8100 5L,76.76,Greases,LIQUI MOLY
LM20630,"DPF Spray Probe, long (30 cm) 1pc",55.88,Greases,LIQUI MOLY
LM20631,SPECIAL TEC V 0W20 1L,11.71,Oils Motorcycle,LIQUI MOLY
LM20632,SPECIAL TEC V 0W20 5L,53.22,Oils Motorcycle,LIQUI MOLY
LM20633,SPECIAL TEC V 0W-20 20L,203.78,Oils Motorcycle,LIQUI MOLY
LM20634,SPECIAL TEC V 0W20 60L,561.88,Oils Motorcycle,LIQUI MOLY
LM20635,Special Tec V 0W-20,"1,879.98",Oils Motorcycle,LIQUI MOLY
LM20645,HY G-OIL  (GL4/5) TDL SAE 80W-90 1L,11.02,Oils Gear & Transmission,LIQUI MOLY
LM20649,Polishing Microfiber Cloth 1 PCE,10.69,Greases,LIQUI MOLY
LM20656,PROFI LONGLIFE III 5W30 205L,"1,698.18",Oils Motorcycle,LIQUI MOLY
LM20659,MOTORENOL SAE 20W-50 HD 205L,"1,109.27",Oils Motorcycle,LIQUI MOLY
LM20662,TOP TEC ATF 1800 5L,57.63,Oils Gear & Transmission,LIQUI MOLY
LM20724,Special Tec F 0W-30,228.43,Oils Motorcycle,LIQUI MOLY
LM20725,Special Tec F 0W-30,674.18,Oils Motorcycle,LIQUI MOLY
LM20726,Special Tec F 0W-30,"2,123.14",Oils Motorcycle,LIQUI MOLY
LM20735,PAG AIR CON OIL 46R-1234YF 250ML,16.59,Greases,LIQUI MOLY
LM20736,PAG AIR CON OIL 100R-1234 YF 250ML,18.29,Greases,LIQUI MOLY
LM20737,ATV 4T Motoroil 5W-50 1L,13.45,Oils Motorcycle,LIQUI MOLY
LM20738,ATV 4T Motoroil 5W-50 4L,47.94,Oils Motorcycle,LIQUI MOLY
LM20750,M-BIKE  4T 5W-40 HC STREET 1L,12.47,Oils Motorcycle,LIQUI MOLY
LM20751,M-BIKE  4T 5W-40 HC STREET 4L,44.16,Oils Motorcycle,LIQUI MOLY
LM20753,M-BIKE  4T SYN 10W-40 S/RACE 1L,14.29,Oils Motorcycle,LIQUI MOLY
LM20754,M-BIKE  4T SYN 10W-40 S/RACE 4L,53.39,Oils Motorcycle,LIQUI MOLY
LM20755,M-BIKE  4T SYN 10W-40 S/RACE,688.33,Oils Motorcycle,LIQUI MOLY
LM20766,P/LINE TURBOCHARGER ADDITIVE 20g,6.29,Oil Additives,LIQUI MOLY
LM20768,START FIX 200ML,5.31,Greases,LIQUI MOLY
LM20772,TOP TEC 6100 0W30 20L,235.27,Oils Motorcycle,LIQUI MOLY
LM20773,TOP TEC 6100 0W30 60L,669.12,Oils Motorcycle,LIQUI MOLY
LM20775,TOP TEC 6100 0W-30 205L,"2,093.61",Oils Motorcycle,LIQUI MOLY
LM20777,TOP TEC 6100 0W30 1L,12.73,Oils Motorcycle,LIQUI MOLY
LM20779,TOP TEC 6100 0W30 5L,61.41,Oils Motorcycle,LIQUI MOLY
LM20782,TOP TEC 6200 0W20 20L,309.88,Oils Motorcycle,LIQUI MOLY
LM20783,TOP TEC 6200 0W20 60L,878.55,Oils Motorcycle,LIQUI MOLY
LM20785,TOP TEC 6200 0W20 205L,"2,806.65",Oils Motorcycle,LIQUI MOLY
LM20787,TOP TEC 6200 0W20 1L,17.14,Oils Motorcycle,LIQUI MOLY
LM20789,TOP TEC 6200 0W20 5L,82.02,Oils Motorcycle,LIQUI MOLY
LM20792,SPECIAL TEC AA 5W-20 1L,10.61,Oils Motorcycle,LIQUI MOLY
LM20793,SPECIAL TEC AA 5W-20 5L,51.16,Oils Motorcycle,LIQUI MOLY
LM20795,MOS2-LEICHTLAUF 20W50 20L,165.82,Oils Motorcycle,LIQUI MOLY
LM20799,Molygen New Generation 5W-20,"1,616.71",Oils Motorcycle,LIQUI MOLY
LM20812, H-TECH  20W-50 1L,7.61,Oils Motorcycle,LIQUI MOLY
LM20813, H-TECH  20W-50 5L,31.80,Oils Motorcycle,LIQUI MOLY
LM20816,Classic Transmission Oil SAE 90 1L,9.08,Oils Gear & Transmission,LIQUI MOLY
LM20817,Classic Transmission Oil SAE 140 1L,12.16,Oils Gear & Transmission,LIQUI MOLY
LM20820,LONGLIFE III 5W-30 1L,13.02,Oils Motorcycle,LIQUI MOLY
LM20822,LONGLIFE III 5W-30 5L,58.53,Oils Motorcycle,LIQUI MOLY
LM20826,M-BIKE  4T 10W-40 SCOOTER RACE 1L,14.71,Oils Motorcycle,LIQUI MOLY
LM20829,M-BIKE  4T 5W-40 HC SCOOTER 1L,12.57,Oils Motorcycle,LIQUI MOLY
LM20832,M-BIKE  4T 10W-40 SCOOTER MB 1L,9.92,Oils Motorcycle,LIQUI MOLY
LM20842,TOP TEC MTF 5100 75W 1L,15.04,Oils Gear & Transmission,LIQUI MOLY
LM20843,TOP TEC MTF 5100 75W 20L,267.22,Oils Gear & Transmission,LIQUI MOLY
LM20844,Top Tec MTF 5100 75W,702.78,Oils Gear & Transmission,LIQUI MOLY
LM20845,TOP TEC MTF 5200 75W-80 1L,14.43,Oils Gear & Transmission,LIQUI MOLY
LM20846,Top Tec MTF 5200 75W-80 20l,270.88,Oils Gear & Transmission,LIQUI MOLY
LM20847,Top Tec MTF 5200 75W-80,780.31,Oils Gear & Transmission,LIQUI MOLY
LM20955,SPECIAL TEC AA 5W30 60L,498.43,Oils Motorcycle,LIQUI MOLY
LM20956,F-SYN  HY G-OIL  (GL4/5) 75W-90 20l,472.37,Oils Gear & Transmission,LIQUI MOLY
LM20960,M-BIKE  SHOCK ABSORBER OIL 1L,7.10,Greases,LIQUI MOLY
LM20967,SPECIAL TEC DX1 5W-30 1L,9.80,Oils Motorcycle,LIQUI MOLY
LM20969,SPECIAL TEX DX1 5W30 5L,41.94,Oils Motorcycle,LIQUI MOLY
LM20971,PTFE Longlife Spray,9.71,Greases,LIQUI MOLY
LM20972,M-BIKE  SHOCK ABSORBER OIL RACE 1L,14.02,Oils Motorcycle,LIQUI MOLY
LM20982,TOP TEC ATF 1800 R 20L,214.96,Oils Gear & Transmission,LIQUI MOLY
LM20985,P/LINE  Gasoline Intake SYS-CLEN 300ML,17.25,Greases,LIQUI MOLY
LM20986,P/LINE  DIESEL INTAKE SYS-CLEN 300ML,9.04,Greases,LIQUI MOLY
LM21152,Top Tec ATF 1800 R,"1,882.75",Oils Gear & Transmission,LIQUI MOLY
LM21153,M-BIKE  4T 0W-30 Scooter 1L,16.14,Oils Motorcycle,LIQUI MOLY
LM21157,BRAKE FLUID DOT 4 1L,11.86,Break & Clutch Fluid,LIQUI MOLY
LM21158,Brake Fluid DOT 4,52.02,Break & Clutch Fluid,LIQUI MOLY
LM21159,Brake Fluid DOT 4,192.27,Break & Clutch Fluid,LIQUI MOLY
LM21179,Super Leichtlauf 10W-40,9.49,Oils Motorcycle,LIQUI MOLY
LM21206,Top Tec ATF 1800 R,606.00,Oils Gear & Transmission,LIQUI MOLY
LM21212,TOP TEC 6300 0W-20 20L,225.73,Oils Motorcycle,LIQUI MOLY
LM21213,TOP TEC 6300 0W-20 60L,616.80,Oils Motorcycle,LIQUI MOLY
LM21215,Top Tec 6300 0W-20,"1,935.65",Oils Motorcycle,LIQUI MOLY
LM21216,TOP TEC 6300 0W20 1L,12.04,Oils Motorcycle,LIQUI MOLY
LM21217,TOP TEC 6300 0W20 5L,58.08,Oils Motorcycle,LIQUI MOLY
LM21222,Leichtlauf Energy 0W-40,13.55,Oils Motorcycle,LIQUI MOLY
LM21223,Leichtlauf Energy 0W-40 5l,63.51,Oils Motorcycle,LIQUI MOLY
LM21224,NEW GENERATION 5W-30 DPF 1L,11.92,Oils Motorcycle,LIQUI MOLY
LM21225,NEW GENERATION 5W-30 DPF 4L,44.49,Oils Motorcycle,LIQUI MOLY
LM21226,M-BIKE  4T 5W-40 HC STREET 20L,178.22,Oils Motorcycle,LIQUI MOLY
LM21262,Liquimate 2C Superglue 10g,26.10,Greases,LIQUI MOLY
LM21271,LEICHTLAUF ENERGY 0W-40 205L,"2,316.98",Oils Motorcycle,LIQUI MOLY
LM21272,LEICHTLAUF ENERGY 0W-40 20L,253.69,Oils Motorcycle,LIQUI MOLY
LM21273,P/LINE  Gasoline Intake SYS-CLEN,8.67,Greases,LIQUI MOLY
LM21274,P/LINE  Diesel Intake SYS-CLEN,8.61,Greases,LIQUI MOLY
LM21281,DIRECT INJECTION CLEANER 120ML,13.45,Greases,LIQUI MOLY
LM21306,Brake Fluid DOT 4,6.51,Greases,LIQUI MOLY
LM21317,Anti-Bacterial Diesel Additive 1L,31.90,Oil Additives,LIQUI MOLY
LM21320,Molygen New Generation 5W-30,193.10,Oils Motorcycle,LIQUI MOLY
LM21324,SPECIAL TEC AA 0W-16 20L,160.39,Oils Motorcycle,LIQUI MOLY
LM21325,Special Tec AA 0W-16,497.69,Oils Motorcycle,LIQUI MOLY
LM21326,SPECIAL TEC AA 0W-16 1L,8.63,Oils Motorcycle,LIQUI MOLY
LM21328,SPECIAL TEC AA 0W-16 5L,42.12,Oils Motorcycle,LIQUI MOLY
LM21329,MOLYGEN NEW GENERATION 5W-40 20L,200.24,Oils Motorcycle,LIQUI MOLY
LM21336,Special Tec AA 10W-30 Benzin,9.92,Oils Motorcycle,LIQUI MOLY
LM21338,SPECIAL TEC AA 10W-30 BENZIN 5L,47.63,Oils Motorcycle,LIQUI MOLY
LM21339,M-BIKE  4T SYN 10W-40 S/RACE 20L,215.76,Oils Motorcycle,LIQUI MOLY
LM21345,Tire Fitting Paste BLACK 5KG,19.47,Greases,LIQUI MOLY
LM21356,MOLYGEN NEW GENERATION 0W-20 1L,12.75,Oils Motorcycle,LIQUI MOLY
LM21357,MOLYGEN NEW GENERATION 0W-20 4L,48.20,Oils Motorcycle,LIQUI MOLY
LM21359,TOP TEC MTF 5300 70W-75W 1L,15.94,Oils Gear & Transmission,LIQUI MOLY
LM21360,TOP TEC MTF 5300 70W-75W 20L,290.80,Oils Gear & Transmission,LIQUI MOLY
LM21361,Top Tec MTF 5300 70W-75W,861.39,Oils Gear & Transmission,LIQUI MOLY
LM21363,L/PER 5W-30 1L,8.27,Oils Motorcycle,LIQUI MOLY
LM21364,L/PER 5W-30 5L,35.16,Oils Engine,LIQUI MOLY
,,,,
LM21366,L/PER 5W-30 205L,"1,138.24",Antifreeze & Coolants,LIQUI MOLY
LM21369,L/PER 5W-40 5L,185.29,Oils Motorcycle,LIQUI MOLY
LM21377,DFI CLEANER 120ML,15.51,Greases,LIQUI MOLY
LM21378,TOP TEC ATF 1950 1L,10.61,Oils Gear & Transmission,LIQUI MOLY
LM21379,TOP TEC ATF 1950 20L,200.92,Oils Gear & Transmission,LIQUI MOLY
LM21385,Special Tec B FE 5W-30,"1,865.31",Oils Motorcycle,LIQUI MOLY
LM21399,TOP TEC 4410 5W-30 20L,207.47,Oils Engine,LIQUI MOLY
,,,,
LM21401,TOP TEC 4410 5W-30 205L,"1,878.08",Antifreeze & Coolants,LIQUI MOLY
LM21402,TOP TEC 4410 5W-30 1L,11.55,Oils Motorcycle,LIQUI MOLY
LM21404,TOP TEC 4410 5W-30 5L,54.61,Oils Engine,LIQUI MOLY
,,,,
LM21411,TOP TEC 6600 0W-20 5L,54.88,Antifreeze & Coolants,LIQUI MOLY
LM21412,TOP TEC 6600 0W-20 20L,213.78,Oils Motorcycle,LIQUI MOLY
LM21419,Multi-disc Clutch Oil 1L,27.41,Oils Gear & Transmission,LIQUI MOLY
LM21421,E10 ADDITIVE 150ML,7.43,Oil Additives,LIQUI MOLY
LM21442,Top Tec 6600 0W-20 60l,609.78,Oils Motorcycle,LIQUI MOLY
LM21443,TOP TEC 6600 0W-20 205L,"2,199.53",Oils Engine,LIQUI MOLY
,,,,
LM21453,Top Tec ATF 1800 R,56.41,Oils Gear & Transmission,LIQUI MOLY
LM21478,TOP TEC 4110 5W-40 1L,12.08,Oils Motorcycle,LIQUI MOLY
LM21479,TOP TEC 4110 5W-40 5L,57.76,Oils Engine,LIQUI MOLY
LM21480,TOP TEC 4110 5W-40 20L,219.25,Oils Motorcycle,LIQUI MOLY
LM21481,Top Tec 4110 5W-40 ,620.08,Oils Motorcycle,LIQUI MOLY
LM21482,Top Tec 4110 5W-40 ,"2,021.98",Oils Motorcycle,LIQUI MOLY
LM21485,A/C SYS-CLEN for home AC SYS ,12.80,Greases,LIQUI MOLY
LM21584,TOP TEC 6400 0W-20 1L,12.78,Oils Motorcycle,LIQUI MOLY
LM21585,TOP TEC 6400 0W-20 5L,61.84,Oils Motorcycle,LIQUI MOLY
LM21586,Top Tec 6400 0W-20 20l,234.63,Oils Motorcycle,LIQUI MOLY
LM21587,Top Tec 6400 0W-20,648.82,Oils Motorcycle,LIQUI MOLY
LM21588,Top Tec 6400 0W-20,"2,138.27",Oils Motorcycle,LIQUI MOLY
LM21604,TOP TEC 4210 0W-30 1L,14.67,Oils Motorcycle,LIQUI MOLY
LM21605,TOP TEC 4210 0W-30 5L,70.10,Oils Motorcycle,LIQUI MOLY
LM21606,TOP TEC 4210 0W-30 20L,266.18,Oils Motorcycle,LIQUI MOLY
LM21607,TOP TEC 4210 0W30 60L,736.27,Oils Motorcycle,LIQUI MOLY
LM21608,Top Tec 4210 0W-30,"2,481.90",Oils Motorcycle,LIQUI MOLY
LM21611,QUICK DETAILER 500ML,10.67,Greases,LIQUI MOLY
LM21613,D/CLUTCH TRANS Oil 8100,"2,362.96",Oils Gear & Transmission,LIQUI MOLY
LM21616,OCTANE BOOSTER 200ML,8.67,Greases,LIQUI MOLY
LM21634,Display Cleaner,7.59,Greases,LIQUI MOLY
LM21649,Fuel Protect Diesel 300ml,8.12,Greases,LIQUI MOLY
LM21660,TOP TEC 6610 0W-20 1L,16.31,Oils Motorcycle,LIQUI MOLY
LM21662,TOP TEC 6610 0W-20 5L,78.73,Oils Motorcycle,LIQUI MOLY
LM21663,Top Tec 6610 0W-20 20l,294.57,Oils Motorcycle,LIQUI MOLY
LM21664,Top Tec 6610 0W-20 60l,835.10,Oils Motorcycle,LIQUI MOLY
LM21666,Top Tec 6610 0W-20,"2,527.27",Oils Motorcycle,LIQUI MOLY
LM21684,Fuel Cell Coolant FCF 20,"2,492.18",Antifreeze & Coolants,LIQUI MOLY
LM21692,Bike  Chain Lube Spray,9.00,Greases,LIQUI MOLY
LM21702,Top Tec Gear EV 510,26.43,Oils Gear & Transmission,LIQUI MOLY
LM21773,Bike Detailer,12.22,Greases,LIQUI MOLY
LM21778,Bike Cleaner,12.67,Greases,LIQUI MOLY
LM25001,MARINE DIESEL PROTECT 500ML,22.90,Greases,LIQUI MOLY
LM25003,MARINE DIESEL PROTECT 1L,32.69,Greases,LIQUI MOLY
LM25005,MARINE S/DIE ADD 500ML,14.51,Greases,LIQUI MOLY
LM25007,MARINE S/DIE ADD 1L,19.43,Greases,LIQUI MOLY
LM25009,MARINE FUEL STABILISER 500ML,11.69,Greases,LIQUI MOLY
LM25011,Marine F/SYS CLEN 500ML,10.37,Greases,LIQUI MOLY
LM25012,MARINE 4T MOTOR OIL 10W40 1L,8.61,Oils Motorcycle,LIQUI MOLY
LM25013,MARINE 4T MOTOR OIL 10W40 5L,34.41,Oils Motorcycle,LIQUI MOLY
LM25015,MARINE 4T MOTOR OIL 15W40 1L,8.41,Oils Motorcycle,LIQUI MOLY
LM25016,MARINE 4T MOTOR OIL 15W40 5L,34.39,Oils Motorcycle,LIQUI MOLY
LM25017,MARINE 4T MOTOR OIL 15W40 60L,351.90,Oils Motorcycle,LIQUI MOLY
LM25018,MARINE 4T MOTOR OIL 15W40 205L,"1,149.82",Oils Motorcycle,LIQUI MOLY
LM25019,MARINE 2T MOTOR OIL 1L,13.00,Oils Motorcycle,LIQUI MOLY
LM25020,MARINE 2T MOTOR OIL 5L,54.31,Oils Motorcycle,LIQUI MOLY
LM25022,MARINE 4T MOTOR OIL 10W30 1L,10.41,Oils Motorcycle,LIQUI MOLY
LM25023,MARINE 4T MOTOR OIL 10W30 5L,39.71,Oils Motorcycle,LIQUI MOLY
LM25024,MARINE 4T MOTOR OIL 10W30 20L,151.65,Oils Motorcycle,LIQUI MOLY
LM25025,Marine 4T Motor Oil 10W-30 60L,456.18,Oils Motorcycle,LIQUI MOLY
LM25026,MARINE 4T MOTOR OIL 25W40 1L,10.18,Oils Motorcycle,LIQUI MOLY
LM25027,MARINE 4T MOTOR OIL 25W40 5L,38.73,Oils Motorcycle,LIQUI MOLY
LM25028,MARINE 4T MOTOR OIL 25W40 20L,148.65,Oils Motorcycle,LIQUI MOLY
LM25031,MARINE G-OIL  GL4/GL5 80W-90 250ML,6.43,Oils Gear & Transmission,LIQUI MOLY
LM25033,MARINE STORAGE FOGGING OIL 300ML,6.49,Oils Motorcycle,LIQUI MOLY
LM25034,QUICK DETAILER 500ML,195.04,Greases,LIQUI MOLY
LM25037,F/S G-OIL  GL4/GL5 75W-90 250ML,9.12,Oils Gear & Transmission,LIQUI MOLY
LM25042,MARINE GREASE 250G,8.41,Greases,LIQUI MOLY
LM25044,MARINE GREASE 400G,8.00,Greases,LIQUI MOLY
LM25046,MARINE WINCH GREASE 100G,11.98,Greases,LIQUI MOLY
LM25047,MARINE ANTIKALK 5L,43.96,Greases,LIQUI MOLY
LM25052,MARINE MULTI-SPRAY 400ML,8.73,Greases,LIQUI MOLY
LM25054,MARINE GLOSS SPRAY WAX 400ML,9.92,Greases,LIQUI MOLY
LM25060,MARINE 4T MOTOR OIL 10W40 20L,130.88,Oils Motorcycle,LIQUI MOLY
LM25061,MARINE 4T MOTOR OIL 15W40 20L,116.84,Oils Motorcycle,LIQUI MOLY
LM25063,MARINE 2T DFI MOTOR OIL 5L,62.16,Oils Motorcycle,LIQUI MOLY
LM25065,MARINE SINGLE GRADE SAE30 1L,7.53,Oils Motorcycle,LIQUI MOLY
LM25067,MARINE ATF 1L,12.10,Oils Gear & Transmission,LIQUI MOLY
LM25069,MARINE G-OIL  GL4/GL5 80W-90 1L,10.78,Oils Gear & Transmission,LIQUI MOLY
LM25071,MARINE F/S G-OIL  GL4/GL5 75W-90 1L,27.22,Oils Gear & Transmission,LIQUI MOLY
LM25073,MARINE U- CLEANER K 1L,12.78,Greases,LIQUI MOLY
LM25074,MARINE 4T MOTOR OIL 10W-30 205L,"1,506.55",Oils Motorcycle,LIQUI MOLY
LM25076,MARINE PWC OIL 10W-40 1L,8.41,Oils Motorcycle,LIQUI MOLY
LM25077,MARINE PWC OIL 10W-40 4L,31.06,Oils Motorcycle,LIQUI MOLY
LM25079,MARINE H/PER   G-OIL  85W-90 1L,10.82,Oils Gear & Transmission,LIQUI MOLY
LM25080,Marine H/PER   G-OIL  85W-90,196.51,Oils Gear & Transmission,LIQUI MOLY
LM25081,Marine H/PER   G-OIL  85W-90,562.33,Oils Gear & Transmission,LIQUI MOLY
LM25082,MARINE ANTIFREEZE 5L,37.59,Antifreeze & Coolants,LIQUI MOLY
LM25083,MARINE ANTIFREEZE 20L,127.02,Antifreeze & Coolants,LIQUI MOLY
LM29026,HAND PUMP 1 PCE,26.43,Greases,LIQUI MOLY
