Part Number,Description,Manufacturer,Product Group,Retail,Alt1,Alt2,Alt3,Alt4,Alt5,Alt6,Alt7,Alt8,Alt9,Alt10,Alt11,Alt12,Alt13,Alt14,Alt15
LM1001,HYBRID ADDITIVE 250ML,LIQUI MOLY,Other Fluids,12.96,,,,,,,,,,,,,,,
LM1007,GEAR PROTECT 80ML,LIQUI MOLY,Accessories,50.69,,,,,,,,,,,,,,,
LM1015,MOLYGEN MOTOR PROTECT 500ML,LIQUI MOLY,Accessories,56.70,,,,,,,,,,,,,,,
LM1018,MOTOR PROTECT 500ML,LIQUI MOLY,Accessories,45.43,,,,,,,,,,,,,,,
LM1019,MOTOR CLEAN 500ML,LIQUI MOLY,Accessories,35.06,,,,,,,,,,,,,,,
LM1020,G-OIL  (GL4) SAE 80W 1L,LIQUI MOLY,Gear Oil,16.52,,,,,,,,,,,,,,,
LM1024,F-SYN   G-OIL  (GL4/5) 75W-90 1L,LIQUI MOLY,Gear Oil,45.97,,,,,,,,,,,,,,,
LM1025,HY G-OIL  GL5 SAE 80W 1L,LIQUI MOLY,Gear Oil,15.52,,,,,,,,,,,,,,,
LM1027,HY G-OIL  (GL5) SAE 85W-140,LIQUI MOLY,Gear Oil,371.12,,,,,,,,,,,,,,,
LM1028,HY G-OIL  (GL5) SAE 85W-140,LIQUI MOLY,Gear Oil,"3,597.70",,,,,,,,,,,,,,,
LM1029,2-STROKE MOTOR OIL 100ML,LIQUI MOLY,Engine Oils,5.36,,,,,,,,,,,,,,,
LM1030,G-OIL  (GL4) SAE 85W-90 1L,LIQUI MOLY,Gear Oil,16.81,,,,,,,,,,,,,,,
LM1031,HY G-OIL  (GL5) SAE 85W-90,LIQUI MOLY,Gear Oil,"1,281.24",,,,,,,,,,,,,,,
LM1033,G-OIL  (GL4) SAE 80W,LIQUI MOLY,Gear Oil,302.65,,,,,,,,,,,,,,,
LM1034,G-OIL  (GL4) SAE 85W-90,LIQUI MOLY,Gear Oil,"1,150.70",,,,,,,,,,,,,,,
LM1035,HY G-OIL  (GL5) SAE 85W90 1L,LIQUI MOLY,Gear Oil,17.60,,,,,,,,,,,,,,,
LM1036,HY G-OIL  (GL5) SAE 80W,LIQUI MOLY,Gear Oil,"1,023.41",,,,,,,,,,,,,,,
LM1039,G-OIL  (GL4) SAE 80W,LIQUI MOLY,Gear Oil,940.03,,,,,,,,,,,,,,,
LM1040,G-OIL  ADDITIVE 20G,LIQUI MOLY,Other Fluids,8.57,,,,,,,,,,,,,,,
LM1042,G-OIL  LEAK STOP 50ML,LIQUI MOLY,Gear Oil,12.17,,,,,,,,,,,,,,,
LM1043,ATF III 1L,LIQUI MOLY,Coolant Fluids,20.23,,,,,,,,,,,,,,,
LM1045,G-OIL  (GL4) SAE 85W-90 20L,LIQUI MOLY,Gear Oil,268.74,,,,,,,,,,,,,,,
LM1046,HY G-OIL  (GL5) SAE 80W,LIQUI MOLY,Gear Oil,387.94,,,,,,,,,,,,,,,
LM1047,HY G-OIL  (GL5) SAE 85W-90 20l,LIQUI MOLY,Gear Oil,301.39,,,,,,,,,,,,,,,
LM1048,HY GETR.GL5 80W90 20L,LIQUI MOLY,Gear Oil,297.25,,,,,,,,,,,,,,,
LM1049,HY G-OIL  (GL5) SAE 80W-90,LIQUI MOLY,Gear Oil,"4,122.97",,,,,,,,,,,,,,,
LM1051,2-Stroke Motor Oil,LIQUI MOLY,Engine Oils,10.80,,,,,,,,,,,,,,,
LM1052,2-STROKE MOTOR OIL 1L,LIQUI MOLY,Engine Oils,15.80,,,,,,,,,,,,,,,
LM1053,M-BIKE  2T SYN SCOOTER RACE 1L,LIQUI MOLY,Engine Oils,25.92,,,,,,,,,,,,,,,
LM1055,HY G-OIL  (GL5) SAE 140W ,LIQUI MOLY,Gear Oil,383.40,,,,,,,,,,,,,,,
LM1056,ATF III 5L,LIQUI MOLY,Coolant Fluids,87.23,,,,,,,,,,,,,,,
LM1058,ATF III 20L,LIQUI MOLY,Coolant Fluids,352.84,,,,,,,,,,,,,,,
LM1061, H-TECH  SHPD-Motor Oil 15W-40,LIQUI MOLY,Engine Oils,238.00,,,,,,,,,,,,,,,
LM1062, H-TECH  SHPD-Motor Oil 15W-40,LIQUI MOLY,Engine Oils,706.28,,,,,,,,,,,,,,,
LM1063, H-TECH  SHPD-Motor Oil 15W-40,LIQUI MOLY,Engine Oils,"2,268.00",,,,,,,,,,,,,,,
LM1070, H-TECH  Diesel Oil 15W-40 1L,LIQUI MOLY,Engine Oils,13.21,,,,,,,,,,,,,,,
LM1075, H-TECH  Diesel Oil 15W-40,LIQUI MOLY,Engine Oils,"2,352.85",,,,,,,,,,,,,,,
LM1080,LUB FIX 50G,LIQUI MOLY,Accessories,5.58,,,,,,,,,,,,,,,
LM1084, H-TECH  Super SHPD 15W-40,LIQUI MOLY,Engine Oils,56.16,,,,,,,,,,,,,,,
LM1088, H-TECH  Super SHPD 15W-40,LIQUI MOLY,Engine Oils,"2,250.79",,,,,,,,,,,,,,,
LM1089,MOS2-LEICHTLAUF 10W40 20L,LIQUI MOLY,Engine Oils,241.24,,,,,,,,,,,,,,,
LM1090,MOS2-LEICHTLAUF 10W40 60L,LIQUI MOLY,Engine Oils,733.14,,,,,,,,,,,,,,,
LM1094,MoS2 Leichtlauf 10W-40,LIQUI MOLY,Engine Oils,"2,559.92",,,,,,,,,,,,,,,
LM1099,P- STEERING OIL LEAK STOP 35ML,LIQUI MOLY,Accessories,8.32,,,,,,,,,,,,,,,
LM1121, H-TECH  Super SHPD 15W-40,LIQUI MOLY,Engine Oils,236.92,,,,,,,,,,,,,,,
LM1122, H-TECH  Super SHPD 15W-40,LIQUI MOLY,Engine Oils,637.31,,,,,,,,,,,,,,,
LM1127,CH/SYS- OIL 1L,LIQUI MOLY,Steering Fluids,27.68,,,,,,,,,,,,,,,
LM1128,C-MOTOR-OIL SAE 20W-50HD 1L,LIQUI MOLY,Engine Oils,25.34,,,,,,,,,,,,,,,
LM1129,C-MOTOR-OIL SAE 20W-50HD 5L,LIQUI MOLY,Engine Oils,83.09,,,,,,,,,,,,,,,
LM1130,C-MOTOR-OIL SAE 50,LIQUI MOLY,Engine Oils,45.47,,,,,,,,,,,,,,,
LM1131,CLASSIC MOTORENOL SAE 50 5L,LIQUI MOLY,Engine Oils,94.46,,,,,,,,,,,,,,,
LM1132,C-MOTOR-OIL SAE 30,LIQUI MOLY,Engine Oils,26.93,,,,,,,,,,,,,,,
LM1133,CLASSIC MOTORENOL SAE 30 5L,LIQUI MOLY,Engine Oils,102.28,,,,,,,,,,,,,,,
LM1135,C-MOTOR-OIL SAE 20W-50 HD 60L,LIQUI MOLY,Engine Oils,623.99,,,,,,,,,,,,,,,
LM1138,LONGTIME H-TECH  5W30 20L,LIQUI MOLY,Engine Oils,327.85,,,,,,,,,,,,,,,
LM1139,Longtime H-TECH  5W-30,LIQUI MOLY,Engine Oils,"1,029.46",,,,,,,,,,,,,,,
LM1140,LONGTIME H-TECH  5W-30 205L,LIQUI MOLY,Engine Oils,"3,258.50",,,,,,,,,,,,,,,
LM1145,STEERING GEAROIL 3100 1L,LIQUI MOLY,Gear Oil,17.28,,,,,,,,,,,,,,,
LM1147,CH/SYS- OIL 20L,LIQUI MOLY,Engine Oils,533.12,,,,,,,,,,,,,,,
LM1150,SYN-OIL LONGTIME PLUS 0W-30 1L,LIQUI MOLY,Engine Oils,38.99,,,,,,,,,,,,,,,
LM1151,SYN-OIL LONGTIME PLUS 0W30 5L,LIQUI MOLY,Engine Oils,188.14,,,,,,,,,,,,,,,
LM1159, H/PER   G-OIL  (GL3+) SAE 75W-80,LIQUI MOLY,Gear Oil,"1,739.84",,,,,,,,,,,,,,,
LM1162, H/PER   G-OIL  (GL3+) SAE 75W-80,LIQUI MOLY,Gear Oil,"5,824.33",,,,,,,,,,,,,,,
LM1163,Special Tec 5W-30,LIQUI MOLY,Engine Oils,18.65,,,,,,,,,,,,,,,
LM1165,Special Tec 5W-30,LIQUI MOLY,Engine Oils,"3,163.43",,,,,,,,,,,,,,,
LM1166,Special Tec 5W-30,LIQUI MOLY,Engine Oils,937.55,,,,,,,,,,,,,,,
LM1173,SYN-OIL Longtime 0W-30,LIQUI MOLY,Engine Oils,419.15,,,,,,,,,,,,,,,
LM1174,SYN-OIL Longtime 0W-30,LIQUI MOLY,Engine Oils,"1,229.00",,,,,,,,,,,,,,,
LM1175,SYN-OIL Longtime 0W-30,LIQUI MOLY,Engine Oils,"4,154.29",,,,,,,,,,,,,,,
LM1181,Special Tec 5W-30,LIQUI MOLY,Engine Oils,320.90,,,,,,,,,,,,,,,
LM1182,F-SYN  HY-G-OIL   (GL4/5) 75W-90 20L,LIQUI MOLY,Gear Oil,866.70,,,,,,,,,,,,,,,
LM1183,F-SYN  HY-G-OIL   (GL4/5) 75W-90,LIQUI MOLY,Gear Oil,"2,607.55",,,,,,,,,,,,,,,
LM1184,F-SYN  HY-G-OIL   (GL4/5) 75W-90,LIQUI MOLY,Gear Oil,"8,800.34",,,,,,,,,,,,,,,
LM1185, Low-friction Motor Oil 10W-40,LIQUI MOLY,Engine Oils,71.71,,,,,,,,,,,,,,,
LM1187,COMPRESSOR OIL 1L,LIQUI MOLY,Other Fluids,18.58,,,,,,,,,,,,,,,
LM1189,2-Stroke Motor Oil 5L,LIQUI MOLY,Engine Oils,65.16,,,,,,,,,,,,,,,
LM1190,Saw Chain Oil 100 20l,LIQUI MOLY,Other Fluids,164.52,,,,,,,,,,,,,,,
LM1191,Saw Chain Oil 100 60l,LIQUI MOLY,Other Fluids,475.96,,,,,,,,,,,,,,,
LM1194,SPECIAL TEC LL 5W30 20L,LIQUI MOLY,Engine Oils,311.08,,,,,,,,,,,,,,,
LM1195,Special Tec LL 5W-30 60l,LIQUI MOLY,Engine Oils,905.98,,,,,,,,,,,,,,,
LM1196,Special Tec LL 5W-30,LIQUI MOLY,Engine Oils,"3,232.51",,,,,,,,,,,,,,,
LM1202, G-OIL  HC (GL4) 75W-80,LIQUI MOLY,Gear Oil,516.17,,,,,,,,,,,,,,,
LM1203, G-OIL  HC (GL4) 75W-80,LIQUI MOLY,Gear Oil,"1,739.59",,,,,,,,,,,,,,,
LM1210, G-OIL  HC (GL4) 75W-80,LIQUI MOLY,Gear Oil,"5,830.96",,,,,,,,,,,,,,,
LM1212,MOS2 LOW-FRICTION 20W-50 5L,LIQUI MOLY,Engine Oils,67.10,,,,,,,,,,,,,,,
LM1220,MoS2 Low-Friction 20W-50,LIQUI MOLY,Engine Oils,16.16,,,,,,,,,,,,,,,
LM1221,MoS2 Low-Friction 20W-50,LIQUI MOLY,Engine Oils,"2,884.46",,,,,,,,,,,,,,,
LM1230,M-BIKE  HD-CLASSIC SAE 50 STREET 4L,LIQUI MOLY,Engine Oils,56.05,,,,,,,,,,,,,,,
LM1237,M-BIKE  2T BASIC SCOOTER 4L,LIQUI MOLY,Engine Oils,48.53,,,,,,,,,,,,,,,
LM1240, H-TECH  15W-40,LIQUI MOLY,Engine Oils,"2,195.03",,,,,,,,,,,,,,,
LM1243,M-BIKE  4T 10W-40 STREET 4L,LIQUI MOLY,Engine Oils,74.88,,,,,,,,,,,,,,,
LM1246,ATF III 60L,LIQUI MOLY,Transmission Oils,999.11,,,,,,,,,,,,,,,
LM1254, H-TECH  20W-50,LIQUI MOLY,Engine Oils,780.95,,,,,,,,,,,,,,,
LM1257, H-TECH  20W-50 20L,LIQUI MOLY,Engine Oils,225.04,,,,,,,,,,,,,,,
LM1260, H-TECH  20W-50,LIQUI MOLY,Engine Oils,"2,770.24",,,,,,,,,,,,,,,
LM1264,LAWNMOWER OIL SAE 30 1L,LIQUI MOLY,Engine Oils,14.40,,,,,,,,,,,,,,,
LM1265, H-TECH  HD 30,LIQUI MOLY,Other Fluids,59.22,,,,,,,,,,,,,,,
LM1266,LAWNMOWER OIL SAE 30 5L,LIQUI MOLY,Engine Oils,53.17,,,,,,,,,,,,,,,
LM1267, H-TECH  HD 30,LIQUI MOLY,Engine Oils,251.50,,,,,,,,,,,,,,,
LM1272, H-TECH  10W-30 5L,LIQUI MOLY,Engine Oils,53.35,,,,,,,,,,,,,,,
LM1273,U- OIL GARDEN EQPT 10W-30 1L,LIQUI MOLY,Engine Oils,13.32,,,,,,,,,,,,,,,
LM1274, H-TECH  10W-30 20L,LIQUI MOLY,Engine Oils,200.02,,,,,,,,,,,,,,,
LM1277,CHAINSAW OIL 100 1L,LIQUI MOLY,Other Fluids,9.65,,,,,,,,,,,,,,,
LM1278,CHAINSAW OIL 100 5L,LIQUI MOLY,Other Fluids,42.01,,,,,,,,,,,,,,,
LM1280,BIO CHAIN SAW OIL 1L,LIQUI MOLY,Other Fluids,23.29,,,,,,,,,,,,,,,
LM1281,BIO CHAINSAW OIL 5L,LIQUI MOLY,Other Fluids,103.43,,,,,,,,,,,,,,,
LM1296, H-TECH  15W-40 60L,LIQUI MOLY,Engine Oils,641.95,,,,,,,,,,,,,,,
LM1298, H-TECH  15W-40,LIQUI MOLY,Engine Oils,248.04,,,,,,,,,,,,,,,
LM1299,M-BIKE  FOAM FILTER CLEANER 1L,LIQUI MOLY,Accessories,38.88,,,,,,,,,,,,,,,
LM1302,SUPER LEICHTLAUF 10W40 60L,LIQUI MOLY,Engine Oils,607.68,,,,,,,,,,,,,,,
LM1303,Super Leichtlauf 10W-40,LIQUI MOLY,Engine Oils,"2,281.14",,,,,,,,,,,,,,,
LM1304,SUPER LEICHTLAUF 10W40 20L,LIQUI MOLY,Engine Oils,199.51,,,,,,,,,,,,,,,
LM1308,SYN-OIL H-TECH  5W-40 20L,LIQUI MOLY,Engine Oils,402.23,,,,,,,,,,,,,,,
LM1309,SYN-OIL H-TECH  5W-40,LIQUI MOLY,Engine Oils,"1,201.18",,,,,,,,,,,,,,,
LM1311,SYN-OIL H-TECH  5W-40,LIQUI MOLY,Engine Oils,"4,050.25",,,,,,,,,,,,,,,
LM1340,Diesel SYN-OIL 5W-40,LIQUI MOLY,Engine Oils,21.35,,,,,,,,,,,,,,,
LM1341,Diesel SYN-OIL 5W-40,LIQUI MOLY,Engine Oils,92.63,,,,,,,,,,,,,,,
LM1346,Leichtlauf HC7 5W-40,LIQUI MOLY,Engine Oils,19.84,,,,,,,,,,,,,,,
LM1347,Leichtlauf HC7 5W-40,LIQUI MOLY,Engine Oils,87.23,,,,,,,,,,,,,,,
LM1362,SYN-OIL ENERGY 0W40 20L,LIQUI MOLY,Engine Oils,399.96,,,,,,,,,,,,,,,
LM1363,SYN-OIL Energy 0W-40 60l,LIQUI MOLY,Engine Oils,"1,226.23",,,,,,,,,,,,,,,
LM1364,SYN-OIL Energy 0W-40 205l,LIQUI MOLY,Engine Oils,"4,160.38",,,,,,,,,,,,,,,
LM1392,SYN-OIL RACE TECH GT1 10W-60 20L,LIQUI MOLY,Engine Oils,432.68,,,,,,,,,,,,,,,
LM1393,SYN-OIL RACE TECH GT1 10W-60 60L,LIQUI MOLY,Engine Oils,"1,272.71",,,,,,,,,,,,,,,
LM1394,SYN.RACE TECH GT1 10W60 205L,LIQUI MOLY,Engine Oils,"4,098.13",,,,,,,,,,,,,,,
LM1400,Special Bulldog Oil SAE 30,LIQUI MOLY,Engine Oils,124.52,,,,,,,,,,,,,,,
LM1401,G-OIL  (GL4) SAE 80W,LIQUI MOLY,Gear Oil,9.54,,,,,,,,,,,,,,,
LM1402,HY G-OIL  (GL5) SAE 80W,LIQUI MOLY,Gear Oil,11.77,,,,,,,,,,,,,,,
LM1403,G-OIL  (GL4) SAE 85W-90,LIQUI MOLY,Gear Oil,9.90,,,,,,,,,,,,,,,
LM1404,HY G-OIL  (GL5) SAE 85W-90,LIQUI MOLY,Gear Oil,10.58,,,,,,,,,,,,,,,
LM1405,ATF III,LIQUI MOLY,Transmission Oils,11.99,,,,,,,,,,,,,,,
LM1406,HY G-OIL  (GL4/5) TDL SAE 75W-90 500ML,LIQUI MOLY,Gear Oil,18.18,,,,,,,,,,,,,,,
LM1407,HY G-OIL  (GL4/5) TDL SAE 75W-90 1L,LIQUI MOLY,Gear Oil,30.10,,,,,,,,,,,,,,,
LM1408,HY G-OIL  (GL4/5)TDL 75W90 20L,LIQUI MOLY,Gear Oil,530.78,,,,,,,,,,,,,,,
LM1410,HY G-OIL  (GL5) LS 85W-90 1L,LIQUI MOLY,Gear Oil,20.52,,,,,,,,,,,,,,,
LM1411,F-SYN  G-OIL  (GL5) SAE 75W-90 205L,LIQUI MOLY,Gear Oil,"6,321.74",,,,,,,,,,,,,,,
LM1412,F-SYN  G-OIL  (GL5) SAE 75W-90 60L,LIQUI MOLY,Gear Oil,"1,716.84",,,,,,,,,,,,,,,
LM1413,F-SYN  G-OIL  (GL5) SAE 75W-90 500ML,LIQUI MOLY,Gear Oil,21.60,,,,,,,,,,,,,,,
LM1414,F-SYN  G-OIL  GL5 SAE 75W-90 1L,LIQUI MOLY,Gear Oil,31.93,,,,,,,,,,,,,,,
LM1415,F-SYN  G-OIL  (GL5) SAE 75W-90 20L,LIQUI MOLY,Gear Oil,583.16,,,,,,,,,,,,,,,
LM1420,Engine Preserver 300ML,LIQUI MOLY,Accessories,19.26,,,,,,,,,,,,,,,
LM1421,NOVA SUPER 20W-50 5L,LIQUI MOLY,Engine Oils,54.00,,,,,,,,,,,,,,,
LM1422,HARD WAX 500ML,LIQUI MOLY,Accessories,16.09,,,,,,,,,,,,,,,
LM1426,NOVA SUPER 15W-40 5L,LIQUI MOLY,Engine Oils,49.90,,,,,,,,,,,,,,,
LM1434,Super Diesel Leichtlauf 10W-40 ,LIQUI MOLY,Engine Oils,14.04,,,,,,,,,,,,,,,
LM1435,Super Diesel Leichtlauf 10W-40 ,LIQUI MOLY,Engine Oils,55.51,,,,,,,,,,,,,,,
LM1436,GLOSS POLISH 500ML,LIQUI MOLY,Accessories,46.48,,,,,,,,,,,,,,,
LM1446, G-OIL  (GL4) 75W-90,LIQUI MOLY,Gear Oil,945.76,,,,,,,,,,,,,,,
LM1448, G-OIL  (GL4) 75W-90,LIQUI MOLY,Gear Oil,"2,755.40",,,,,,,,,,,,,,,
LM1467,Polish & Wax 500ML,LIQUI MOLY,Accessories,24.98,,,,,,,,,,,,,,,
LM1486,PAINT CLEANER 500ML,LIQUI MOLY,Accessories,31.32,,,,,,,,,,,,,,,
LM1500,M-BIKE  4T 20W-50 STREET 1L,LIQUI MOLY,Engine Oils,17.03,,,,,,,,,,,,,,,
LM1502,M-BIKE  4T SYN 10W-50 S/RACE 1L,LIQUI MOLY,Engine Oils,28.08,,,,,,,,,,,,,,,
LM1504,M-BIKE  2T STREET 1L,LIQUI MOLY,Engine Oils,17.68,,,,,,,,,,,,,,,
LM1505,M-BIKE  2T SYN S/RACE 1L,LIQUI MOLY,Engine Oils,27.72,,,,,,,,,,,,,,,
LM1506,Motor�bike Fork Oil 10W medium 500ML,LIQUI MOLY,Engine Oils,13.10,,,,,,,,,,,,,,,
LM1508,M-BIKE  CHAIN LUBE 250ML,LIQUI MOLY,Accessories,16.38,,,,,,,,,,,,,,,
LM1509,M-BIKE  CLEANER 1L,LIQUI MOLY,Accessories,32.90,,,,,,,,,,,,,,,
LM1510,Cockpit Bright 200ML,LIQUI MOLY,Accessories,5.98,,,,,,,,,,,,,,,
LM1512,W/S  CLEANER FOAM 300ML,LIQUI MOLY,Accessories,9.47,,,,,,,,,,,,,,,
LM1513,M-BIKE  MULTI-SPRAY 200ML,LIQUI MOLY,Accessories,10.12,,,,,,,,,,,,,,,
LM1514,W/S  Cleaner Citrus 1L,LIQUI MOLY,Accessories,8.71,,,,,,,,,,,,,,,
LM1515,Marten Spray,LIQUI MOLY,Accessories,15.01,,,,,,,,,,,,,,,
LM1516,M-BIKE  G-OIL  75W-90 500ML,LIQUI MOLY,Gear Oil,18.29,,,,,,,,,,,,,,,
LM1517,W/S  SUPER CON CLEANER 50ML,LIQUI MOLY,Accessories,4.25,,,,,,,,,,,,,,,
LM1519,W/S  SUPER CON CLEANER 250ML,LIQUI MOLY,Accessories,7.38,,,,,,,,,,,,,,,
LM1520,COPPER SPRAY 250ML,LIQUI MOLY,Accessories,11.56,,,,,,,,,,,,,,,
LM1521,M-BIKE  4T 10W-40 STREET 1L,LIQUI MOLY,Engine Oils,21.35,,,,,,,,,,,,,,,
LM1523,M-BIKE  FORK OIL 5W LIGHT 500ML,LIQUI MOLY,Engine Oils,13.61,,,,,,,,,,,,,,,
LM1524,M-BIKE  FORK OIL 15W HEAVY 500ML,LIQUI MOLY,Engine Oils,13.28,,,,,,,,,,,,,,,
LM1525,M-BIKE  4T SYN 10W-60 S/RACE 1L,LIQUI MOLY,Engine Oils,27.25,,,,,,,,,,,,,,,
LM1527,M-BIKE  4T SYN 10W-60 S/RACE 20L,LIQUI MOLY,Engine Oils,445.57,,,,,,,,,,,,,,,
LM1528,Door Lock Care,LIQUI MOLY,Accessories,8.78,,,,,,,,,,,,,,,
LM1529,CHROME GLOSS CREAM 250ML,LIQUI MOLY,Accessories,17.39,,,,,,,,,,,,,,,
LM1532,PAINT POLISHING CREAM 300G,LIQUI MOLY,Accessories,24.66,,,,,,,,,,,,,,,
LM1536,PLASTIC DEEP TREATMENT 500ML,LIQUI MOLY,Accessories,19.01,,,,,,,,,,,,,,,
LM1537,PLASTIC DEEP TREATMENT LOTION 250ML,LIQUI MOLY,Accessories,15.52,,,,,,,,,,,,,,,
LM1538,RUBBER CARE 500ML,LIQUI MOLY,Accessories,14.62,,,,,,,,,,,,,,,
LM1539,UPHOLSTERY FOAM CLEANER 300ML,LIQUI MOLY,Accessories,13.61,,,,,,,,,,,,,,,
LM1540,ZINC SPRAY 400ML,LIQUI MOLY,Accessories,15.73,,,,,,,,,,,,,,,
LM1542,Car Wash & Wax 1L,LIQUI MOLY,Accessories,17.03,,,,,,,,,,,,,,,
LM1543,Insect Remover 500ML,LIQUI MOLY,Accessories,13.82,,,,,,,,,,,,,,,
LM1545,Car Wash Shampoo 1L,LIQUI MOLY,Accessories,14.80,,,,,,,,,,,,,,,
LM1546,INTENSIVE CAR CLEANER 500ML,LIQUI MOLY,Accessories,15.05,,,,,,,,,,,,,,,
LM1547,CAR INTERIOR CLEANER 500ML,LIQUI MOLY,Accessories,11.74,,,,,,,,,,,,,,,
LM1548,INSECT REMOVAL SPONGE (12 PER BOX),LIQUI MOLY,Accessories,2.95,,,,,,,,,,,,,,,
LM1549,Car Washing Sponge (12pcs),LIQUI MOLY,Accessories,2.95,,,,,,,,,,,,,,,
LM1552,'LIKE NEW' PLASTIC CARE 250ML,LIQUI MOLY,Accessories,15.01,,,,,,,,,,,,,,,
LM1554,LEATHER CARE 250ML,LIQUI MOLY,Accessories,17.46,,,,,,,,,,,,,,,
LM1555,Silicone & Wax Remover 250ML,LIQUI MOLY,Accessories,13.82,,,,,,,,,,,,,,,
LM1556,GRINDING PASTE 300GM,LIQUI MOLY,Accessories,15.52,,,,,,,,,,,,,,,
LM1560,M-BIKE  4T 20W-50 STREET 20L,LIQUI MOLY,Engine Oils,264.89,,,,,,,,,,,,,,,
LM1561,M-BIKE  4T 20-50 STREET 60L,LIQUI MOLY,Engine Oils,727.81,,,,,,,,,,,,,,,
LM1562,M-BIKE  4T 10W-40 STREET 20L,LIQUI MOLY,Engine Oils,293.26,,,,,,,,,,,,,,,
LM1563,M-BIKE  4T 10W-40 STREET 60L,LIQUI MOLY,Engine Oils,858.64,,,,,,,,,,,,,,,
LM1564,M-BIKE  4T SYN 10W-50 S/RACE,LIQUI MOLY,Engine Oils,"1,336.68",,,,,,,,,,,,,,,
LM1565,M-BIKE  2T Street,LIQUI MOLY,Engine Oils,284.18,,,,,,,,,,,,,,,
LM1566,M-BIKE  2T SYN S/RACE,LIQUI MOLY,Engine Oils,432.43,,,,,,,,,,,,,,,
LM1567,M-BIKE  4T SYN 10W-50 S/RACE 20L,LIQUI MOLY,Engine Oils,464.36,,,,,,,,,,,,,,,
LM1568,M-BIKE  4T 10W-40 Street,LIQUI MOLY,Engine Oils,"2,900.77",,,,,,,,,,,,,,,
LM1569,M-BIKE  4T SYN 10W-50 S/Race 205L,LIQUI MOLY,Engine Oils,"4,528.58",,,,,,,,,,,,,,,
LM1571,M-BIKE  VISOR CLEANER 100ML,LIQUI MOLY,Accessories,12.38,,,,,,,,,,,,,,,
LM1572,M-BIKE  HD-CLA SAE 50 STREET 1L,LIQUI MOLY,Accessories,16.09,,,,,,,,,,,,,,,
LM1577,M-BIKE  2T Street,LIQUI MOLY,Engine Oils,834.73,,,,,,,,,,,,,,,
LM1579,M-BIKE  TYRE INFL-SEALER 300ML,LIQUI MOLY,Accessories,22.57,,,,,,,,,,,,,,,
LM1580,M-BIKE  OIL ADDITIVE 125ML,LIQUI MOLY,Other Fluids,14.76,,,,,,,,,,,,,,,
LM1581,M-BIKE  4T BIKE ADDITIVE 125ML,LIQUI MOLY,Other Fluids,9.72,,,,,,,,,,,,,,,
LM1582,M-BIKE  2T BIKE ADDITIVE 250ML,LIQUI MOLY,Other Fluids,18.94,,,,,,,,,,,,,,,
LM1590,FIX CLEAR RAIN REPELLENT 125ML,LIQUI MOLY,Accessories,10.66,,,,,,,,,,,,,,,
LM1591,M-BIKE  CHAIN LUBE WHITE 400ML,LIQUI MOLY,Accessories,22.03,,,,,,,,,,,,,,,
LM1592,M-BIKE  Chain Lube (White) 50ml,LIQUI MOLY,Accessories,10.91,,,,,,,,,,,,,,,
LM1593,CONV-SOFT TOP CLEANER 500ML,LIQUI MOLY,Accessories,16.16,,,,,,,,,,,,,,,
LM1594,FABRIC IMPREGNATION 400ML,LIQUI MOLY,Accessories,13.72,,,,,,,,,,,,,,,
LM1596,NAT-CAR-CLEANING LEATHER 1 PCE,LIQUI MOLY,Accessories,25.81,,,,,,,,,,,,,,,
LM1597,SPECIAL RIM CLEANER 1L,LIQUI MOLY,Accessories,22.86,,,,,,,,,,,,,,,
LM1598,Cockpit Care vanilla 300ml,LIQUI MOLY,Accessories,8.35,,,,,,,,,,,,,,,
LM1599,COCKPIT CARE CITRUS 300ML,LIQUI MOLY,Accessories,8.35,,,,,,,,,,,,,,,
LM1600,TAR REMOVER 400ML,LIQUI MOLY,Accessories,11.20,,,,,,,,,,,,,,,
LM1601,M-BIKE  LEATHER SUIT CARE 250ML,LIQUI MOLY,Accessories,24.80,,,,,,,,,,,,,,,
LM1602,M-BIKE  CHAIN & BRAKE CLEANER 500ML,LIQUI MOLY,Accessories,17.06,,,,,,,,,,,,,,,
LM1603,M-BIKE  H-INTERIOR CLEANER 300ML,LIQUI MOLY,Accessories,18.90,,,,,,,,,,,,,,,
LM1604,M-BIKE  F/FILTER OIL (SPRAY) 400ML,LIQUI MOLY,Accessories,14.11,,,,,,,,,,,,,,,
LM1606,M-BIKE  FORK OIL 10W MEDIUM 5L,LIQUI MOLY,Other Fluids,99.00,,,,,,,,,,,,,,,
LM1609,Tire Bright Foam 400ml,LIQUI MOLY,Accessories,14.76,,,,,,,,,,,,,,,
LM1610,Cockpit Bright,LIQUI MOLY,Accessories,13.93,,,,,,,,,,,,,,,
LM1611,RUST SOLVENT XXL 600ML,LIQUI MOLY,Accessories,12.67,,,,,,,,,,,,,,,
LM1612,RAPID RUST SOLVENT 300ML,LIQUI MOLY,Accessories,8.39,,,,,,,,,,,,,,,
LM1613,MOS2 RUST SOLVENT 600ML,LIQUI MOLY,Accessories,15.70,,,,,,,,,,,,,,,
LM1614,MoS2-Rust Solvent 300ML,LIQUI MOLY,Accessories,8.86,,,,,,,,,,,,,,,
LM1615,T-Spray for G-Equipment 300ml,LIQUI MOLY,Accessories,13.64,,,,,,,,,,,,,,,
LM1617,M-BIKE  G-OIL  (GL4) 80W,LIQUI MOLY,Gear Oil,11.92,,,,,,,,,,,,,,,
LM1618,M-BIKE  4T 10W-40 SCOOTER 1L,LIQUI MOLY,Engine Oils,19.62,,,,,,,,,,,,,,,
LM1619,M-BIKE  2T BASIC SCOOTER 1L,LIQUI MOLY,Engine Oils,14.94,,,,,,,,,,,,,,,
LM1621,M-BIKE  2T SEMISYN SCOOTER 1L,LIQUI MOLY,Engine Oils,17.68,,,,,,,,,,,,,,,
LM1623,M-BIKE  FORK OIL 5W LIGHT 5L,LIQUI MOLY,Engine Oils,104.22,,,,,,,,,,,,,,,
LM1625,M-BIKE  FOAM FILTER OIL 500ML,LIQUI MOLY,Accessories,24.01,,,,,,,,,,,,,,,
LM1633,M-BIKE  2T Basic Scooter,LIQUI MOLY,Accessories,672.98,,,,,,,,,,,,,,,
LM1640,Zinc Aluminum Spray,LIQUI MOLY,Accessories,19.22,,,,,,,,,,,,,,,
LM1641, RUST SOLVENT 300ML,LIQUI MOLY,Accessories,11.77,,,,,,,,,,,,,,,
LM1647,GLOSS SPRAY WAX 400ML,LIQUI MOLY,Accessories,14.11,,,,,,,,,,,,,,,
LM1650,ONE FOR ALL DEEP-TREAT 250ML,LIQUI MOLY,Accessories,11.48,,,,,,,,,,,,,,,
LM1651,MICROFIBRE CLOTH (10 PER BOX),LIQUI MOLY,Accessories,3.82,,,,,,,,,,,,,,,
LM1653,U- Cleaner,LIQUI MOLY,Accessories,28.01,,,,,,,,,,,,,,,
LM1654,U- Cleaner,LIQUI MOLY,Accessories,81.29,,,,,,,,,,,,,,,
LM1655,U- Cleaner,LIQUI MOLY,Accessories,293.22,,,,,,,,,,,,,,,
LM1657,M-BIKE  ENGINE FLUSH 250ML,LIQUI MOLY,Accessories,15.88,,,,,,,,,,,,,,,
LM1658,TIRE FITTING SPRAY 400ML,LIQUI MOLY,Accessories,10.94,,,,,,,,,,,,,,,
LM1661,SPEED AIR FRESHENER 1 PCE,LIQUI MOLY,Accessories,3.71,,,,,,,,,,,,,,,
LM1664,AUTO DUFT SPEED SPORT FRESH,LIQUI MOLY,Accessories,2.95,,,,,,,,,,,,,,,
LM1680,M-BIKE  G-OIL  (GL4) 80W-90 SCT 150ML,LIQUI MOLY,Gear Oil,9.50,,,,,,,,,,,,,,,
LM1681,CAR CARE SET 1 PCE,LIQUI MOLY,Accessories,84.78,,,,,,,,,,,,,,,
LM1682,SUPER K CLEANER 250ML,LIQUI MOLY,Accessories,7.81,,,,,,,,,,,,,,,
LM1685,M-BIKE  4T SYN 5W-40 S/RACE 4L,LIQUI MOLY,Engine Oils,89.32,,,,,,,,,,,,,,,
LM1686,M-BIKE  4T SYN 10W-50 S/RACE 4L,LIQUI MOLY,Engine Oils,99.36,,,,,,,,,,,,,,,
LM1687,Motor�bike 4T SYN 10W-60 S/RACE 4L,LIQUI MOLY,Engine Oils,97.24,,,,,,,,,,,,,,,
LM1688,M-BIKE  4T 10W-30 STREET 4L,LIQUI MOLY,Engine Oils,55.51,,,,,,,,,,,,,,,
LM1689,M-BIKE  4T 15W-50 STREET 4L,LIQUI MOLY,Engine Oils,62.53,,,,,,,,,,,,,,,
LM1696,M-BIKE  4T 20W-50 STREET 4L,LIQUI MOLY,Engine Oils,57.02,,,,,,,,,,,,,,,
LM1698,Air Freshener Decoration Girl,LIQUI MOLY,Accessories,4.03,,,,,,,,,,,,,,,
LM1766,DPF CLEANER 5L,LIQUI MOLY,Accessories,197.35,,,,,,,,,,,,,,,
LM1783,Special Tec LR 5W-20,LIQUI MOLY,Engine Oils,"3,217.18",,,,,,,,,,,,,,,
LM1800,OIL ADDITIVE 125ML,LIQUI MOLY,Other Fluids,8.24,,,,,,,,,,,,,,,
LM1802,MOTOR OIL SAVER 300ML,LIQUI MOLY,Accessories,13.93,,,,,,,,,,,,,,,
LM1803,INJECTION CLEANER 300ML,LIQUI MOLY,Accessories,13.86,,,,,,,,,,,,,,,
LM1804,RADIATOR CLEANER 300ML,LIQUI MOLY,Accessories,8.57,,,,,,,,,,,,,,,
LM1806,SUPER DIESEL ADDITIVE 250ML,LIQUI MOLY,Other Fluids,11.59,,,,,,,,,,,,,,,
LM1808,DIESEL SMOKE STOP 150ML,LIQUI MOLY,Accessories,9.72,,,,,,,,,,,,,,,
LM1810,RADIATOR STOP LEAK 250ML,LIQUI MOLY,Accessories,9.14,,,,,,,,,,,,,,,
LM1811,DIESEL PURGE 500ML,LIQUI MOLY,Accessories,13.79,,,,,,,,,,,,,,,
LM1818,MTX CARB + VALVE CLEANER 300ML,LIQUI MOLY,Accessories,14.62,,,,,,,,,,,,,,,
LM1828,Antifreeze for Pneumatic Brakes,LIQUI MOLY,Accessories,24.77,,,,,,,,,,,,,,,
LM1838,LEAD SUBSTITUTE 250ML,LIQUI MOLY,Accessories,13.39,,,,,,,,,,,,,,,
LM1855,SYN-OIL H-TECH  5W-40 1L,LIQUI MOLY,Engine Oils,22.57,,,,,,,,,,,,,,,
LM1856,SYN-OIL H-TECH  5W40 5L,LIQUI MOLY,Engine Oils,91.55,,,,,,,,,,,,,,,
LM1862, H-TECH  15W-40 5L,LIQUI MOLY,Engine Oils,56.66,,,,,,,,,,,,,,,
LM1864, H-TECH  Diesel Oil 15W-40 5L,LIQUI MOLY,Engine Oils,56.66,,,,,,,,,,,,,,,
LM1877,Diesel Flow Fit,LIQUI MOLY,Accessories,13.00,,,,,,,,,,,,,,,
LM1898,Super HD 15W-40,LIQUI MOLY,Engine Oils,"2,194.42",,,,,,,,,,,,,,,
LM2101,L/PER 10W40 60L,LIQUI MOLY,Engine Oils,566.53,,,,,,,,,,,,,,,
LM2102,L/PER 10W-40 205L,LIQUI MOLY,Engine Oils,"1,846.48",,,,,,,,,,,,,,,
LM2132, H-TECH  Tropical Motoroil 20W-50,LIQUI MOLY,Engine Oils,66.02,,,,,,,,,,,,,,,
LM2165,HY G-OIL  (GL5) SAE 85W-90,LIQUI MOLY,Gear Oil,"3,414.82",,,,,,,,,,,,,,,
LM2184,MOS2 LEICHTLAUF 10W-40 5L,LIQUI MOLY,Engine Oils,64.08,,,,,,,,,,,,,,,
LM2195,Top Tec 4100 5W-40,LIQUI MOLY,Engine Oils,75.92,,,,,,,,,,,,,,,
LM2315,TOP TEC 4600 5W-30 1L,LIQUI MOLY,Engine Oils,22.32,,,,,,,,,,,,,,,
LM2316,TOP TEC 4600 5W-30 5L,LIQUI MOLY,Engine Oils,100.73,,,,,,,,,,,,,,,
LM2317,TOP TEC 4500 5W-30 1L,LIQUI MOLY,Engine Oils,20.95,,,,,,,,,,,,,,,
LM2318,TOP TEC 4500 5W-30 5L,LIQUI MOLY,Engine Oils,94.82,,,,,,,,,,,,,,,
LM2319,TOP TEC 4400 5W30 1L,LIQUI MOLY,Engine Oils,24.98,,,,,,,,,,,,,,,
LM2320,SCRATCH STOP 200ML,LIQUI MOLY,Accessories,16.81,,,,,,,,,,,,,,,
LM2322,TOP TEC 4400 5W-30 5L,LIQUI MOLY,Engine Oils,120.20,,,,,,,,,,,,,,,
LM2323,TOP TEC 4300 5W-30 1L,LIQUI MOLY,Engine Oils,19.55,,,,,,,,,,,,,,,
LM2324,TOP TEC 4300 5W-30 5L,LIQUI MOLY,Engine Oils,89.06,,,,,,,,,,,,,,,
LM2325,SPECIAL TEC F 5W-30 1L,LIQUI MOLY,Engine Oils,20.12,,,,,,,,,,,,,,,
LM2326,SPECIAL TEC F 5W-30 5L,LIQUI MOLY,Engine Oils,86.29,,,,,,,,,,,,,,,
LM2327,LEICHTLAUF H-TECH  5W-40 1L,LIQUI MOLY,Engine Oils,22.36,,,,,,,,,,,,,,,
LM2328,LEICHTLAUF H-TECH  5W-40 5L,LIQUI MOLY,Engine Oils,102.42,,,,,,,,,,,,,,,
LM2336,P/LINE Super Diesel Additive K 20L,LIQUI MOLY,Other Fluids,397.12,,,,,,,,,,,,,,,
LM2338,L/PER 10W-40 1L,LIQUI MOLY,Engine Oils,12.02,,,,,,,,,,,,,,,
LM2339,SPECIAL TEC LL 5W30 4L,LIQUI MOLY,Engine Oils,65.20,,,,,,,,,,,,,,,
LM2361,Top Tec 4310 0W-30,LIQUI MOLY,Engine Oils,26.57,,,,,,,,,,,,,,,
LM2362,Top Tec 4310 0W-30,LIQUI MOLY,Engine Oils,126.65,,,,,,,,,,,,,,,
LM2363,SPECIAL TEC V 0W30 20L,LIQUI MOLY,Engine Oils,388.04,,,,,,,,,,,,,,,
LM2364,SPECIAL TEC V 0W30 60L,LIQUI MOLY,Engine Oils,"1,076.94",,,,,,,,,,,,,,,
LM2394,HAND CLEANING PASTE 500ML,LIQUI MOLY,Accessories,7.49,,,,,,,,,,,,,,,
LM2425,P/LINE ENGINE FLUSH 1L,LIQUI MOLY,Accessories,21.71,,,,,,,,,,,,,,,
LM2427,P/LINE ENGINE FLUSH 500ML,LIQUI MOLY,Accessories,15.16,,,,,,,,,,,,,,,
LM2428,P/LINE ENGINE FLUSH 5L,LIQUI MOLY,Accessories,127.98,,,,,,,,,,,,,,,
LM2447,SPECIAL TEC LL 5W-30 1L,LIQUI MOLY,Engine Oils,19.01,,,,,,,,,,,,,,,
LM2448,SPECIAL TEC LL 5W-30 5L,LIQUI MOLY,Engine Oils,80.21,,,,,,,,,,,,,,,
LM2475, H-TECH  SHPD-Motor Oil 15W-40,LIQUI MOLY,Engine Oils,55.73,,,,,,,,,,,,,,,
LM2510,G-OIL  ADDITIVE 50G,LIQUI MOLY,Other Fluids,14.26,,,,,,,,,,,,,,,
LM2512,AUTO/TRANS CLEANER 300ML,LIQUI MOLY,Accessories,16.96,,,,,,,,,,,,,,,
LM2518,TACKY LUBE SPRAY 400ML,LIQUI MOLY,Accessories,13.57,,,,,,,,,,,,,,,
LM2520,DIESEL PURGE 1L,LIQUI MOLY,Accessories,22.86,,,,,,,,,,,,,,,
LM2523,P/LINE  F/SYS CLEN,LIQUI MOLY,Accessories,15.30,,,,,,,,,,,,,,,
LM2524,Diesel Purge,LIQUI MOLY,Accessories,768.06,,,,,,,,,,,,,,,
LM2525,DIESEL PURGE 5L,LIQUI MOLY,Accessories,92.99,,,,,,,,,,,,,,,
LM2526,M-BIKE  4T 10W-30 STREET 1L,LIQUI MOLY,Engine Oils,16.99,,,,,,,,,,,,,,,
LM2528,Diesel Purge,LIQUI MOLY,Accessories,"2,332.51",,,,,,,,,,,,,,,
LM2531,M-BIKE  4T 10W-30 Street,LIQUI MOLY,Engine Oils,764.03,,,,,,,,,,,,,,,
LM2533,RADIATOR STOP LEAK PLUS 250ML,LIQUI MOLY,Accessories,9.32,,,,,,,,,,,,,,,
LM2536,L/PER 10W-40 5L,LIQUI MOLY,Engine Oils,49.28,,,,,,,,,,,,,,,
LM2537,L/PER 10W40 20L,LIQUI MOLY,Engine Oils,187.60,,,,,,,,,,,,,,,
LM2539,MOLYGEN 15W-50 4L,LIQUI MOLY,Engine Oils,51.80,,,,,,,,,,,,,,,
LM2543,MOLYGEN 5W-50 4L,LIQUI MOLY,Engine Oils,92.34,,,,,,,,,,,,,,,
LM2544,M-BIKE  4T 10W-30 Street,LIQUI MOLY,Engine Oils,"2,514.82",,,,,,,,,,,,,,,
LM2555,M-BIKE  4T 15W-50 STREET 1L,LIQUI MOLY,Engine Oils,18.79,,,,,,,,,,,,,,,
LM2563, H-TECH  SPEC10W40 5L,LIQUI MOLY,Engine Oils,52.70,,,,,,,,,,,,,,,
LM2564, H-TECH  10W-40 205L,LIQUI MOLY,Engine Oils,"2,143.58",,,,,,,,,,,,,,,
LM2565,M-BIKE  4T 15W-50 Street,LIQUI MOLY,Engine Oils,798.41,,,,,,,,,,,,,,,
LM2566,M-BIKE  4T 15W-50 Street 205L,LIQUI MOLY,Engine Oils,"2,510.64",,,,,,,,,,,,,,,
LM2571,MoS2 Low-Friction 15W-40,LIQUI MOLY,Engine Oils,66.06,,,,,,,,,,,,,,,
LM2572,MOS2 LOW-FRICTION 15W-40 20L,LIQUI MOLY,Engine Oils,239.11,,,,,,,,,,,,,,,
LM2574,MoS2 Low-Friction 15W-40,LIQUI MOLY,Engine Oils,"2,707.56",,,,,,,,,,,,,,,
LM2591,OIL ADDITIVE 300ML,LIQUI MOLY,Other Fluids,10.40,,,,,,,,,,,,,,,
LM2592,M-BIKE  4T SYN 5W-40 S/RACE 1L,LIQUI MOLY,Engine Oils,25.02,,,,,,,,,,,,,,,
LM2593,M-BIKE  4T SYN 5W-40 S/RACE 60L,LIQUI MOLY,Engine Oils,"1,234.76",,,,,,,,,,,,,,,
LM2594,M-BIKE  4T SYN 5W-40 S/RACE 250L,LIQUI MOLY,Engine Oils,"4,124.56",,,,,,,,,,,,,,,
LM2626,MOS2 LEICHTLAUF 10W-40 1L,LIQUI MOLY,Engine Oils,15.12,,,,,,,,,,,,,,,
LM2678,ENGINE FLUSH 300ML,LIQUI MOLY,Accessories,11.99,,,,,,,,,,,,,,,
LM2715,M-BIKE  FORK OIL 10W MEDIUM 1L,LIQUI MOLY,Other Fluids,22.28,,,,,,,,,,,,,,,
LM2716,M-BIKE  FORK OIL 5W LIGHT 1L,LIQUI MOLY,Other Fluids,23.87,,,,,,,,,,,,,,,
LM2717,M-BIKE  FORK OIL 15W HEAVY 1L,LIQUI MOLY,Other Fluids,25.52,,,,,,,,,,,,,,,
LM2719,M-BIKE  FORK OIL 7.5W MEE/LIGHT 1L,LIQUI MOLY,Other Fluids,22.36,,,,,,,,,,,,,,,
LM2720,M-BIKE  4T SYN 5W-40 S/RACE 20L,LIQUI MOLY,Engine Oils,437.87,,,,,,,,,,,,,,,
LM2722,M-BIKE  4T 15W-50 STREET 20L,LIQUI MOLY,Engine Oils,277.99,,,,,,,,,,,,,,,
LM2724,M-BIKE  4T SYN 10W-60 S/RACE,LIQUI MOLY,Engine Oils,"1,273.10",,,,,,,,,,,,,,,
LM2726,Polish & Wax,LIQUI MOLY,Accessories,35.71,,,,,,,,,,,,,,,
LM2736,WASH & WAX 1L,LIQUI MOLY,Accessories,17.17,,,,,,,,,,,,,,,
LM2763,Cockpit Care citrus,LIQUI MOLY,Accessories,9.61,,,,,,,,,,,,,,,
LM2770,HYDRAULIC LIFTER ADDITIVE 300ML,LIQUI MOLY,Other Fluids,9.61,,,,,,,,,,,,,,,
LM2816,LM 40 Multi-Purpose Spray,LIQUI MOLY,Accessories,8.93,,,,,,,,,,,,,,,
LM2847,Rust Solvent with F-Shock Effect,LIQUI MOLY,Accessories,13.00,,,,,,,,,,,,,,,
LM2852,SPECIAL TEC V 0W-30 1L,LIQUI MOLY,Engine Oils,19.87,,,,,,,,,,,,,,,
LM2853,SPECIAL TEC V 0W-30 5L,LIQUI MOLY,Engine Oils,97.60,,,,,,,,,,,,,,,
LM2854,Special Tec V 0W-30,LIQUI MOLY,Engine Oils,"3,346.16",,,,,,,,,,,,,,,
LM2859,"Silicone Sealing Compound, black",LIQUI MOLY,Accessories,40.32,,,,,,,,,,,,,,,
LM2867,Rust Solvent XXL,LIQUI MOLY,Accessories,15.44,,,,,,,,,,,,,,,
LM2869,COPPER PASTE 100G,LIQUI MOLY,Accessories,11.34,,,,,,,,,,,,,,,
LM2875,Zinc Spray,LIQUI MOLY,Accessories,15.59,,,,,,,,,,,,,,,
LM2888,BRAKE FLUID DOT4 20L,LIQUI MOLY,Brake Fluids,462.38,,,,,,,,,,,,,,,
LM2899,Silicone Spray,LIQUI MOLY,Accessories,10.51,,,,,,,,,,,,,,,
LM2952,VALVE CLEAN 150ML,LIQUI MOLY,Accessories,11.38,,,,,,,,,,,,,,,
LM2955,Fuel Protect,LIQUI MOLY,Accessories,13.18,,,,,,,,,,,,,,,
LM2991,Start Fix ,LIQUI MOLY,Accessories,9.76,,,,,,,,,,,,,,,
LM3010,LM 48 INSTALLATION PASTE 50G,LIQUI MOLY,Accessories,14.90,,,,,,,,,,,,,,,
LM3013,ATV 4T MOTOROIL 10W-40 1L,LIQUI MOLY,Engine Oils,21.20,,,,,,,,,,,,,,,
LM3014,ATV 4T MOTOROIL 10W-40 4L,LIQUI MOLY,Engine Oils,74.63,,,,,,,,,,,,,,,
LM3015,M-BIKE  4T 10W-30 STREET 20L,LIQUI MOLY,Engine Oils,253.91,,,,,,,,,,,,,,,
LM3016,M-BIKE  Fork Oil 5W light,LIQUI MOLY,Other Fluids,418.75,,,,,,,,,,,,,,,
LM3018,M-BIKE  4T SYN 5W-40 OFF-R 1L,LIQUI MOLY,Engine Oils,25.02,,,,,,,,,,,,,,,
LM3019,M-BIKE  4T SYN 5W-40 OFF-R 4L,LIQUI MOLY,Engine Oils,89.32,,,,,,,,,,,,,,,
LM3021,Tire Fitting Paste (white) 5KG,LIQUI MOLY,Accessories,63.83,,,,,,,,,,,,,,,
LM3030,-Longlife Motor Oil S3 10W-40,LIQUI MOLY,Engine Oils,419.94,,,,,,,,,,,,,,,
LM3031,-Longlife Motor Oil S3 10W-40,LIQUI MOLY,Engine Oils,"1,335.49",,,,,,,,,,,,,,,
LM3032,-Longlife Motor Oil S3 10W-40,LIQUI MOLY,Engine Oils,"4,477.07",,,,,,,,,,,,,,,
LM3034,M-BIKE  Performance Set,LIQUI MOLY,Accessories,22.10,,,,,,,,,,,,,,,
LM3037,M-BIKE  Cleaner 5L,LIQUI MOLY,Accessories,121.64,,,,,,,,,,,,,,,
LM3039,M-BIKE  GLOSS SPRAY WAX 400ML,LIQUI MOLY,Accessories,24.52,,,,,,,,,,,,,,,
LM3040,M-BIKE  SPEED ADDITIVE 150ML,LIQUI MOLY,Other Fluids,15.91,,,,,,,,,,,,,,,
LM3041,M-BIKE  Petrol Stabiliser 250ML,LIQUI MOLY,Accessories,18.04,,,,,,,,,,,,,,,
LM3042,M-BIKE  RADIATOR CLEANER 150ML,LIQUI MOLY,Accessories,10.73,,,,,,,,,,,,,,,
LM3043,M-BIKE  Radiator Stop Leak 125ML,LIQUI MOLY,Accessories,15.52,,,,,,,,,,,,,,,
LM3044,M-BIKE  4T 10W-40 BASIC STREET 1L,LIQUI MOLY,Engine Oils,15.34,,,,,,,,,,,,,,,
LM3045,LM 48 SPRAY PASTE 300ML,LIQUI MOLY,Accessories,30.67,,,,,,,,,,,,,,,
LM3046,M-BIKE  4T 10W-40 BASIC STREET 4L,LIQUI MOLY,Engine Oils,53.75,,,,,,,,,,,,,,,
LM3047,M-BIKE  4T 10W-40 20L,LIQUI MOLY,Engine Oils,244.08,,,,,,,,,,,,,,,
LM3048,M-BIKE  4T 10W-40 60L,LIQUI MOLY,Engine Oils,734.33,,,,,,,,,,,,,,,
LM3049,M-BIKE  4T 10W-40 205L,LIQUI MOLY,Engine Oils,"2,420.14",,,,,,,,,,,,,,,
LM3051,M-BIKE  4T SYN 10W-50 OFF-R 1L,LIQUI MOLY,Engine Oils,28.12,,,,,,,,,,,,,,,
LM3052,M-BIKE  4T SYN 10W-50 OFF-R 4L,LIQUI MOLY,Engine Oils,99.29,,,,,,,,,,,,,,,
LM3053,M-BIKE  4T SYN 10W-60 OFF-R 1L,LIQUI MOLY,Engine Oils,27.14,,,,,,,,,,,,,,,
LM3054,M-BIKE  4T SYN 10W-60 OFF-R 4L,LIQUI MOLY,Engine Oils,97.49,,,,,,,,,,,,,,,
LM3055,M-BIKE  4T 10W-40 OFF-R 1L,LIQUI MOLY,Engine Oils,21.31,,,,,,,,,,,,,,,
LM3056,M-BIKE  4T 10W-40 OFF-R 4L,LIQUI MOLY,Engine Oils,74.74,,,,,,,,,,,,,,,
LM3057,M-BIKE  4T 15W-50 OFF-R 1L,LIQUI MOLY,Engine Oils,18.79,,,,,,,,,,,,,,,
LM3058,M-BIKE  4T 15-50 OFF-R 4L,LIQUI MOLY,Engine Oils,62.50,,,,,,,,,,,,,,,
LM3059,M-BIKE  4T 10W-40 BASIC OFF-R 1L,LIQUI MOLY,Engine Oils,15.66,,,,,,,,,,,,,,,
LM3062,M-BIKE  4T 10W-40 BASIC OFF-R 4L,LIQUI MOLY,Engine Oils,53.93,,,,,,,,,,,,,,,
LM3063,M-BIKE  2T SYN OFF-R 1L,LIQUI MOLY,Engine Oils,26.39,,,,,,,,,,,,,,,
LM3064,M-BIKE  2T SYN OFF-R 4L,LIQUI MOLY,Engine Oils,96.26,,,,,,,,,,,,,,,
LM3065,M-BIKE  2T OFF-R 1L,LIQUI MOLY,Other Fluids,17.60,,,,,,,,,,,,,,,
LM3066,M-BIKE  2T OFF-R 4L,LIQUI MOLY,Other Fluids,63.07,,,,,,,,,,,,,,,
LM3072,M-BIKE  G-OIL  75W-140-VS 500ML,LIQUI MOLY,Gear Oil,39.06,,,,,,,,,,,,,,,
LM3074,BRAKE ANTI-SQUEAL PASTE 200ML,LIQUI MOLY,Accessories,43.42,,,,,,,,,,,,,,,
LM3075,MAINTENANCE SPRAY WHITE 250ML,LIQUI MOLY,Accessories,14.69,,,,,,,,,,,,,,,
LM3076,PTFE POWDER SPRAY 400ML,LIQUI MOLY,Accessories,17.28,,,,,,,,,,,,,,,
LM3077,BRAKE ANTI-SQUEAL PASTE 100GM,LIQUI MOLY,Accessories,17.93,,,,,,,,,,,,,,,
LM3078,BRAKE ANTI-SQUEAL PASTE 10G,LIQUI MOLY,Accessories,2.05,,,,,,,,,,,,,,,
LM3079,BRAKE ANTI-SQUEAL SPRAY 400ML,LIQUI MOLY,Accessories,25.27,,,,,,,,,,,,,,,
LM3080,Copper Paste 100g,LIQUI MOLY,Accessories,13.97,,,,,,,,,,,,,,,
LM3081,COPPER PASTE 250G,LIQUI MOLY,Accessories,29.16,,,,,,,,,,,,,,,
LM3084,Brake Anti-Squeal ,LIQUI MOLY,Brake Fluids,123.08,,,,,,,,,,,,,,,
LM3085,Brake Fluid DOT 4 500ml,LIQUI MOLY,Brake Fluids,17.82,,,,,,,,,,,,,,,
LM3086,BRAKE FLUID SL6 DOT 4 500ML,LIQUI MOLY,Brake Fluids,19.01,,,,,,,,,,,,,,,
LM3087,M-BIKE  G-OIL  10W-30 1L,LIQUI MOLY,Gear Oil,15.88,,,,,,,,,,,,,,,
LM3089,Brake Fluid DOT 3,LIQUI MOLY,Brake Fluids,11.41,,,,,,,,,,,,,,,
LM3090,Brake Fluid DOT 3,LIQUI MOLY,Brake Fluids,6.80,,,,,,,,,,,,,,,
LM3091,BRAKE FLUID DOT 4 250ML,LIQUI MOLY,Brake Fluids,6.70,,,,,,,,,,,,,,,
LM3092,BRAKE FLUID DOT 5.1 250ML,LIQUI MOLY,Brake Fluids,9.14,,,,,,,,,,,,,,,
LM3093,BRAKE FLUID DOT 4 500ML,LIQUI MOLY,Brake Fluids,11.45,,,,,,,,,,,,,,,
LM3094,ATV Axle Oil 10W-30 1l,LIQUI MOLY,Other Fluids,19.40,,,,,,,,,,,,,,,
LM3096,M-BIKE  FOAM FILTER OIL 1L,LIQUI MOLY,Other Fluids,40.21,,,,,,,,,,,,,,,
LM3099,M-BIKE  FORK OIL 7.5W MED-L 500ML,LIQUI MOLY,Other Fluids,12.96,,,,,,,,,,,,,,,
LM3110,ELECTRONIC SPRAY 200ML,LIQUI MOLY,Accessories,11.74,,,,,,,,,,,,,,,
LM3121,U- Oil for Food Technology,LIQUI MOLY,Accessories,13.39,,,,,,,,,,,,,,,
LM3139,BATTERY CLAMP GREASE 10G,LIQUI MOLY,Accessories,1.44,,,,,,,,,,,,,,,
LM3140,BATTERY CLAMP GREASE 50G,LIQUI MOLY,Accessories,5.11,,,,,,,,,,,,,,,
LM3141,BATTERY CLAMP GREASE SPRAY 300ML,LIQUI MOLY,Accessories,21.06,,,,,,,,,,,,,,,
LM3142,Battery Clamp Grease,LIQUI MOLY,Accessories,76.61,,,,,,,,,,,,,,,
LM3157,LM 376 Contact-Oil,LIQUI MOLY,Accessories,56.30,,,,,,,,,,,,,,,
LM3236,LM 301 A CONTACT-OIL 150ML,LIQUI MOLY,Accessories,52.38,,,,,,,,,,,,,,,
LM3303, Axle Grease KP2N-30,LIQUI MOLY,Accessories,15.08,,,,,,,,,,,,,,,
LM3304,MULTI-SPRAY PLUS 7 300ML,LIQUI MOLY,Accessories,8.10,,,,,,,,,,,,,,,
LM3305,MULTI-SPRAY PLUS 7 500ML,LIQUI MOLY,Accessories,14.15,,,,,,,,,,,,,,,
LM3309,MULTI-SPRAY PLUS 7 5L,LIQUI MOLY,Accessories,78.34,,,,,,,,,,,,,,,
LM3310,SILICON SPRAY 300ML,LIQUI MOLY,Accessories,12.42,,,,,,,,,,,,,,,
LM3311,Wax Coating,LIQUI MOLY,Accessories,16.78,,,,,,,,,,,,,,,
LM3312,SILICONE GREASE TRANS 100G,LIQUI MOLY,Accessories,14.11,,,,,,,,,,,,,,,
LM3315,OIL SPOT REMOVER 400ML,LIQUI MOLY,Accessories,26.32,,,,,,,,,,,,,,,
LM3316,PUMP SPRAY BOTTLE 1L,LIQUI MOLY,Accessories,60.84,,,,,,,,,,,,,,,
LM3318,RAPID CLEANER SPRAY 500ML,LIQUI MOLY,Accessories,7.24,,,,,,,,,,,,,,,
LM3319,Rapid Cleaner 5L,LIQUI MOLY,Accessories,60.91,,,,,,,,,,,,,,,
LM3321,Transmission Cleaner 150ml,LIQUI MOLY,Accessories,11.99,,,,,,,,,,,,,,,
LM3323,"Drain cock 3/4""a",LIQUI MOLY,Accessories,9.72,,,,,,,,,,,,,,,
LM3325,CAR-HOUSING CLEANER 400ML,LIQUI MOLY,Accessories,19.37,,,,,,,,,,,,,,,
LM3326,ENGINE COM CLEANER 400ML,LIQUI MOLY,Accessories,12.35,,,,,,,,,,,,,,,
LM3327,MOTOR-CONSERVE 400ML,LIQUI MOLY,Accessories,15.98,,,,,,,,,,,,,,,
LM3329,3/4 Ball Drain TAP (METAL)  1 PACK,LIQUI MOLY,Accessories,29.23,,,,,,,,,,,,,,,
LM3332,Wall Bracket for Liquid Hand Cleaner,LIQUI MOLY,Accessories,30.02,,,,,,,,,,,,,,,
LM3333,RAPID CLEANER 60L,LIQUI MOLY,Accessories,627.62,,,,,,,,,,,,,,,
LM3334,Invisible Glove 650ML,LIQUI MOLY,Accessories,31.93,,,,,,,,,,,,,,,
LM3335,Dispenser for Liquid Hand Cleaner 1pc,LIQUI MOLY,Accessories,97.42,,,,,,,,,,,,,,,
LM3339,Fluorescent Leak Finder K 50ml,LIQUI MOLY,Accessories,16.74,,,,,,,,,,,,,,,
LM3340,EXHAUST REPAIR PASTE 200G,LIQUI MOLY,Accessories,8.78,,,,,,,,,,,,,,,
LM3342,EXHAUST ASSEMBLY PASTE 150G,LIQUI MOLY,Accessories,8.21,,,,,,,,,,,,,,,
LM3343,TIRE REPAIR SPRAY 500ML,LIQUI MOLY,Accessories,22.03,,,,,,,,,,,,,,,
LM3344,EXHAUST BANDAGE 1 METRE,LIQUI MOLY,Accessories,10.73,,,,,,,,,,,,,,,
LM3345,HAND CLEANER 2L,LIQUI MOLY,Accessories,31.68,,,,,,,,,,,,,,,
LM3347, LUBRICATING GREASE KP2K-30 400G,LIQUI MOLY,Accessories,9.58,,,,,,,,,,,,,,,
LM3348, Long-term Grease KP2K-30 400g,LIQUI MOLY,Accessories,13.39,,,,,,,,,,,,,,,
LM3350,LEAK FINDER SPRAY 400ML,LIQUI MOLY,Accessories,9.90,,,,,,,,,,,,,,,
LM3351,"Engine Leak Detector, Intake Area",LIQUI MOLY,Accessories,24.59,,,,,,,,,,,,,,,
LM3353,Dis-Liquid Hand Cleaning Paste,LIQUI MOLY,Accessories,43.81,,,,,,,,,,,,,,,
LM3354,LIQ-HAND CLEANING PASTE 10L,LIQUI MOLY,Accessories,124.67,,,,,,,,,,,,,,,
LM3355,LIQ-HAND CLEANING PASTE 500ML,LIQUI MOLY,Accessories,11.12,,,,,,,,,,,,,,,
LM3358,HAND CARE CREAM 100ML,LIQUI MOLY,Accessories,10.84,,,,,,,,,,,,,,,
LM3363,HAND CLEANING PASTE 13L,LIQUI MOLY,Accessories,93.96,,,,,,,,,,,,,,,
LM3365,LIQUID HAND CLEANER 3L,LIQUI MOLY,Accessories,43.34,,,,,,,,,,,,,,,
LM3378,Drain cock for canisters 20L 1pc  ,LIQUI MOLY,Accessories,19.66,,,,,,,,,,,,,,,
LM3379,P/LINE INJ & G/PLUG DIS AID 400ML,LIQUI MOLY,Accessories,16.60,,,,,,,,,,,,,,,
LM3381,P/LINE INJ & G/PLUG GREASE 20G,LIQUI MOLY,Accessories,7.78,,,,,,,,,,,,,,,
LM3389,BRAKE AND PARTS CLEANER AIII 500ML,LIQUI MOLY,Accessories,10.48,,,,,,,,,,,,,,,
LM3390,LM 40 MULTI-PURPOSE SPRAY 200ML,LIQUI MOLY,Accessories,7.42,,,,,,,,,,,,,,,
LM3391,LM 40 MULTI PURPOSE SPRAY 400ML,LIQUI MOLY,Accessories,8.64,,,,,,,,,,,,,,,
LM3394,LM 40 Multi-Purpose Spray,LIQUI MOLY,Accessories,8.14,,,,,,,,,,,,,,,
LM3395,LM 40 MULTI-PURPOSE SPRAY 5L,LIQUI MOLY,Accessories,85.68,,,,,,,,,,,,,,,
LM3406,LM 50 LITHO HT 400G,LIQUI MOLY,Accessories,20.05,,,,,,,,,,,,,,,
LM3407,LM 50 LITHO HT 1KG,LIQUI MOLY,Accessories,42.01,,,,,,,,,,,,,,,
LM3413, Paste,LIQUI MOLY,Accessories,166.07,,,,,,,,,,,,,,,
LM3415, PASTE (can with Brush) 200ML,LIQUI MOLY,Accessories,33.84,,,,,,,,,,,,,,,
LM3418, PASTE 50G,LIQUI MOLY,Accessories,10.55,,,,,,,,,,,,,,,
LM3419, PASTE (SPRAY) 400ML,LIQUI MOLY,Accessories,21.38,,,,,,,,,,,,,,,
LM3420, PASTE 250G,LIQUI MOLY,Accessories,42.62,,,,,,,,,,,,,,,
LM3444,M-BIKE  MOS2 SHOOTER 20ML,LIQUI MOLY,Accessories,8.03,,,,,,,,,,,,,,,
LM3510,LM 47 Long-Life Grease + MoS2 100g,LIQUI MOLY,Accessories,7.52,,,,,,,,,,,,,,,
LM3520,LM 47 Long-Life Grease + MoS2 400g,LIQUI MOLY,Accessories,16.78,,,,,,,,,,,,,,,
LM3530,LM 47 Long-Life Grease + MoS2 1Kg,LIQUI MOLY,Accessories,34.78,,,,,,,,,,,,,,,
LM3540,LM 47 Long-Life Grease + MoS2,LIQUI MOLY,Accessories,165.85,,,,,,,,,,,,,,,
LM3550,LM 47 Long-Life Grease + MoS2,LIQUI MOLY,Accessories,701.57,,,,,,,,,,,,,,,
LM3552,Multipurpose Grease 400g,LIQUI MOLY,Accessories,10.80,,,,,,,,,,,,,,,
LM3553,Multipurpose Grease 1Kg,LIQUI MOLY,Accessories,30.24,,,,,,,,,,,,,,,
LM3554,Multipurpose Grease 5Kg,LIQUI MOLY,Accessories,129.71,,,,,,,,,,,,,,,
LM3557,Multipurpose Grease,LIQUI MOLY,Accessories,"3,762.76",,,,,,,,,,,,,,,
LM3579,Chain Spray 400ml,LIQUI MOLY,Accessories,16.70,,,,,,,,,,,,,,,
LM3594,HY-G-OIL   (GL5) LD 80W-90,LIQUI MOLY,Gear Oil,410.26,,,,,,,,,,,,,,,
LM3598,HY-G-OIL   (GL5) LD 80W-90,LIQUI MOLY,Gear Oil,"1,353.74",,,,,,,,,,,,,,,
LM3606,Paste S1,LIQUI MOLY,Accessories,"2,048.47",,,,,,,,,,,,,,,
LM3611,Rapid Rust Solvent 5l,LIQUI MOLY,Accessories,89.10,,,,,,,,,,,,,,,
LM3623,Sealant Remover 300ml,LIQUI MOLY,Accessories,16.16,,,,,,,,,,,,,,,
LM3640,D/CLUTCH TRANS OIL 8100 1L,LIQUI MOLY,Transmission Oils,29.16,,,,,,,,,,,,,,,
LM3642,D/CLUTCH TRANS 60L,LIQUI MOLY,Transmission Oils,"1,343.45",,,,,,,,,,,,,,,
LM3648,TOP TEC ATF 1900 1L,LIQUI MOLY,Transmission Oils,24.41,,,,,,,,,,,,,,,
LM3649,TOP TEC ATF 1900 20L,LIQUI MOLY,Transmission Oils,466.99,,,,,,,,,,,,,,,
LM3650,Top Tec ATF 1100,LIQUI MOLY,Transmission Oils,12.20,,,,,,,,,,,,,,,
LM3651,TOP TEC ATF 1100 1L,LIQUI MOLY,Transmission Oils,20.23,,,,,,,,,,,,,,,
LM3652,TOP TEC ATF 1100 5L,LIQUI MOLY,Transmission Oils,87.55,,,,,,,,,,,,,,,
LM3653,TOP TEC ATF 1100 20L,LIQUI MOLY,Transmission Oils,345.56,,,,,,,,,,,,,,,
LM3654,Top Tec ATF 1100,LIQUI MOLY,Transmission Oils,"1,039.39",,,,,,,,,,,,,,,
LM3655,Top Tec ATF 1100,LIQUI MOLY,Transmission Oils,"3,501.76",,,,,,,,,,,,,,,
LM3658,G-OIL  GL5 75W-80 1L,LIQUI MOLY,Gear Oil,22.28,,,,,,,,,,,,,,,
LM3659,TOP TEC ATF 1600 1L,LIQUI MOLY,Transmission Oils,40.75,,,,,,,,,,,,,,,
LM3661,Top Tec ATF 1400,LIQUI MOLY,Transmission Oils,"3,946.18",,,,,,,,,,,,,,,
LM3662,TOP TEC ATF 1400 1L,LIQUI MOLY,Transmission Oils,23.18,,,,,,,,,,,,,,,
LM3663,TOP TEC ATF 1700 1L,LIQUI MOLY,Transmission Oils,29.88,,,,,,,,,,,,,,,
LM3664,CH/SYS- OIL 2200 1L,LIQUI MOLY,Steering Fluids,53.86,,,,,,,,,,,,,,,
LM3665,CH/SYS- OIL 2300 1L,LIQUI MOLY,Steering Fluids,27.94,,,,,,,,,,,,,,,
LM3666,CH/SYS- OIL 2400 1L,LIQUI MOLY,Steering Fluids,21.28,,,,,,,,,,,,,,,
LM3667,CH/SYS- OIL 2500 1L,LIQUI MOLY,Steering Fluids,26.89,,,,,,,,,,,,,,,
LM3679,BRAKE FLUID RACING 250ML,LIQUI MOLY,Brake Fluids,23.18,,,,,,,,,,,,,,,
LM3680,Top Tec ATF 1200,LIQUI MOLY,Transmission Oils,14.33,,,,,,,,,,,,,,,
LM3681,TOP TEC ATF 1200 1L,LIQUI MOLY,Transmission Oils,24.48,,,,,,,,,,,,,,,
LM3682,TOP TEC ATF 1200 5L,LIQUI MOLY,Transmission Oils,113.04,,,,,,,,,,,,,,,
LM3683,TOP TEC ATF 1200 20L,LIQUI MOLY,Transmission Oils,442.76,,,,,,,,,,,,,,,
LM3684,Top Tec ATF 1200,LIQUI MOLY,Transmission Oils,"1,308.78",,,,,,,,,,,,,,,
LM3687,TOP TEC ATF 1800 1L,LIQUI MOLY,Transmission Oils,21.53,,,,,,,,,,,,,,,
LM3688,TOP TEC ATF 1800 20L,LIQUI MOLY,Transmission Oils,391.50,,,,,,,,,,,,,,,
LM3689,TOP TEC ATF 1800 60L,LIQUI MOLY,Transmission Oils,"1,157.94",,,,,,,,,,,,,,,
LM3690,G-OIL  (GL5) 75W-80 20L,LIQUI MOLY,Gear Oil,387.36,,,,,,,,,,,,,,,
LM3691,TOP TEC ATF 1300 1L,LIQUI MOLY,Transmission Oils,15.84,,,,,,,,,,,,,,,
LM3692,TOP TEC ATF 1400 20L,LIQUI MOLY,Transmission Oils,401.08,,,,,,,,,,,,,,,
LM3694,TOP TEC ATF 1600 20L,LIQUI MOLY,Transmission Oils,794.88,,,,,,,,,,,,,,,
LM3695,Top Tec ATF 1700,LIQUI MOLY,Transmission Oils,561.78,,,,,,,,,,,,,,,
LM3696,Top Tec ATF 1600,LIQUI MOLY,Transmission Oils,"2,769.55",,,,,,,,,,,,,,,
LM3697,Top Tec ATF 1700,LIQUI MOLY,Transmission Oils,"5,401.30",,,,,,,,,,,,,,,
LM3698,TOP TEC ATF 1300 20L,LIQUI MOLY,Transmission Oils,262.26,,,,,,,,,,,,,,,
LM3702,TOP TEC 4100 5W-40 20L,LIQUI MOLY,Engine Oils,347.22,,,,,,,,,,,,,,,
LM3703,TOP TEC 4100 5W40 60L,LIQUI MOLY,Engine Oils,956.56,,,,,,,,,,,,,,,
LM3704,TOP TEC 4100 5W40 205L,LIQUI MOLY,Engine Oils,"3,150.07",,,,,,,,,,,,,,,
LM3708,TOP TEC 4200 5W-30 20L,LIQUI MOLY,Engine Oils,447.08,,,,,,,,,,,,,,,
LM3709,TOP TEC 4200 5W-30 60L,LIQUI MOLY,Engine Oils,"1,299.53",,,,,,,,,,,,,,,
LM3710,Oil Additive,LIQUI MOLY,Other Fluids,257.18,,,,,,,,,,,,,,,
LM3711,TOP TEC 4200 5W-30 205L,LIQUI MOLY,Engine Oils,"4,097.56",,,,,,,,,,,,,,,
LM3720,SPEED TEC GASOLINE 250ML,LIQUI MOLY,Accessories,19.51,,,,,,,,,,,,,,,
LM3721,CERA TEC 300ML,LIQUI MOLY,Accessories,41.51,,,,,,,,,,,,,,,
LM3722,SPEED TEC DIESEL 250ML,LIQUI MOLY,Accessories,20.27,,,,,,,,,,,,,,,
LM3725,BIO DIESEL ADDITIVE 250ML,LIQUI MOLY,Other Fluids,11.66,,,,,,,,,,,,,,,
LM3731,TOP TEC 4500 5W-30 20L,LIQUI MOLY,Engine Oils,362.41,,,,,,,,,,,,,,,
LM3732,TOP TEC 4500 5W30 60L,LIQUI MOLY,Engine Oils,"1,044.79",,,,,,,,,,,,,,,
LM3733,TOP TEC 4500 5W30 205L,LIQUI MOLY,Engine Oils,"3,288.28",,,,,,,,,,,,,,,
LM3737,Top Tec 4310 0W-30,LIQUI MOLY,Engine Oils,456.48,,,,,,,,,,,,,,,
LM3738,Top Tec 4310 0W-30,LIQUI MOLY,Engine Oils,"1,307.30",,,,,,,,,,,,,,,
LM3739,Top Tec 4310 0W-30,LIQUI MOLY,Engine Oils,"4,139.89",,,,,,,,,,,,,,,
LM3742,TOP TEC 4300 5W30 20L,LIQUI MOLY,Engine Oils,327.71,,,,,,,,,,,,,,,
LM3743,TOP TEC 4300 5W30 60L,LIQUI MOLY,Engine Oils,981.25,,,,,,,,,,,,,,,
LM3744,TOP TEC 4300 5W30 205L,LIQUI MOLY,Engine Oils,"3,256.16",,,,,,,,,,,,,,,
LM3752,TOP TEC 4400 5W-30 20L,LIQUI MOLY,Engine Oils,410.65,,,,,,,,,,,,,,,
LM3753,TOP TEC 4400 5W30 60L,LIQUI MOLY,Engine Oils,"1,151.89",,,,,,,,,,,,,,,
LM3754,TOP TEC 4400 5W30 205L,LIQUI MOLY,Engine Oils,"3,755.23",,,,,,,,,,,,,,,
LM3757,TOP TEC 4600 5W30 20L,LIQUI MOLY,Engine Oils,337.07,,,,,,,,,,,,,,,
LM3758,TOP TEC 4600 5W30 60L,LIQUI MOLY,Engine Oils,949.03,,,,,,,,,,,,,,,
LM3759,TOP TEC 4600 5W-30 205L,LIQUI MOLY,Engine Oils,"2,341.58",,,,,,,,,,,,,,,
LM3767,SPECIAL TEC DX1 5W30 20L,LIQUI MOLY,Engine Oils,307.76,,,,,,,,,,,,,,,
LM3778,TOP TEC  4450 15W-40 20L,LIQUI MOLY,Engine Oils,266.22,,,,,,,,,,,,,,,
LM3779,Top Tec  4450 15W-40,LIQUI MOLY,Engine Oils,979.99,,,,,,,,,,,,,,,
LM3780,Top Tec  4450 15W-40,LIQUI MOLY,Engine Oils,"3,198.78",,,,,,,,,,,,,,,
LM3786,TOP TEC  4350 5W-30 20L,LIQUI MOLY,Engine Oils,374.29,,,,,,,,,,,,,,,
LM3787,TOP TEC  4350 53-30 60L,LIQUI MOLY,Accessories,"1,114.34",,,,,,,,,,,,,,,
LM3788,Top Tec  4350 5W-30,LIQUI MOLY,Engine Oils,"3,726.86",,,,,,,,,,,,,,,
LM3794,TOP TEC  4050 10W40 20L,LIQUI MOLY,Engine Oils,263.59,,,,,,,,,,,,,,,
LM3795,Top Tec  4050 10W-40,LIQUI MOLY,Engine Oils,866.52,,,,,,,,,,,,,,,
LM3798,TOP TEC  4050 10W-40 205L,LIQUI MOLY,Engine Oils,"2,644.13",,,,,,,,,,,,,,,
LM3801,S/RET- MEDIUM STRENGTH 10G,LIQUI MOLY,Accessories,8.21,,,,,,,,,,,,,,,
LM3802,S/RET- MEDIUM STRENGTH 50G,LIQUI MOLY,Accessories,24.95,,,,,,,,,,,,,,,
LM3803,S/RET- HIGH STRENGTH 10G,LIQUI MOLY,Accessories,8.21,,,,,,,,,,,,,,,
LM3804,S/RET- HIGH STRENGTH 50G,LIQUI MOLY,Accessories,24.95,,,,,,,,,,,,,,,
LM3805,INSTANT GLUE 10G,LIQUI MOLY,Accessories,5.69,,,,,,,,,,,,,,,
LM3806,Bushing and Bearing Fixation 10g,LIQUI MOLY,Accessories,14.04,,,,,,,,,,,,,,,
LM3807,BUSHING AND BEARING FIXATION 50G,LIQUI MOLY,Accessories,30.96,,,,,,,,,,,,,,,
LM3810,SURFACE SEAL 50G,LIQUI MOLY,Accessories,29.52,,,,,,,,,,,,,,,
LM3811,Screw Grip 20g,LIQUI MOLY,Accessories,26.24,,,,,,,,,,,,,,,
LM3812,S/RET- Fine Mechanics 10g,LIQUI MOLY,Accessories,12.31,,,,,,,,,,,,,,,
LM3816,M-BIKE  HD SYN 20W-50 STREET 1L,LIQUI MOLY,Engine Oils,31.32,,,,,,,,,,,,,,,
LM3817,M-BIKE  HD SYN 20W-50 STREET 4L,LIQUI MOLY,Engine Oils,114.23,,,,,,,,,,,,,,,
LM3818,M-BIKE  HD SYN 20W-50 Street,LIQUI MOLY,Engine Oils,526.07,,,,,,,,,,,,,,,
LM3819,M-BIKE  HD SYN 20W-50 STREET 60L,LIQUI MOLY,Engine Oils,"1,549.80",,,,,,,,,,,,,,,
LM3820,M-BIKE  HD SYN 20W-50 Street,LIQUI MOLY,Engine Oils,"5,251.10",,,,,,,,,,,,,,,
LM3821,M-BIKE  G-OIL  80W-90 1L,LIQUI MOLY,Gear Oil,16.49,,,,,,,,,,,,,,,
LM3822,M-BIKE  G-OIL  HD 150 1L,LIQUI MOLY,Gear Oil,47.48,,,,,,,,,,,,,,,
LM3825,M-BIKE  G-OIL  75W-90 1L,LIQUI MOLY,Gear Oil,31.68,,,,,,,,,,,,,,,
LM3826,M-BIKE  G-OIL  75W-90 20L,LIQUI MOLY,Gear Oil,620.68,,,,,,,,,,,,,,,
LM3828,M-BIKE  Fork Oil 10W medium,LIQUI MOLY,Accessories,393.70,,,,,,,,,,,,,,,
LM3834,SPECIAL TEC AA 5W20 20L,LIQUI MOLY,Engine Oils,355.36,,,,,,,,,,,,,,,
LM3835,SPECIAL TEC AA 5W20 60L,LIQUI MOLY,Engine Oils,969.05,,,,,,,,,,,,,,,
LM3840,SPECIAL TEC F ECO 5W20 1L,LIQUI MOLY,Engine Oils,21.89,,,,,,,,,,,,,,,
LM3841,SPECIAL TEC F ECO 5W20 5L,LIQUI MOLY,Engine Oils,100.91,,,,,,,,,,,,,,,
LM3842,SPECIAL TEC F ECO 5W-20 20L,LIQUI MOLY,Engine Oils,349.34,,,,,,,,,,,,,,,
LM3843,SPECIAL TEC F ECO 5W20 60L,LIQUI MOLY,Engine Oils,"1,028.92",,,,,,,,,,,,,,,
LM3844,SPECIAL TEC F ECO 5W20 205L,LIQUI MOLY,Engine Oils,"3,344.04",,,,,,,,,,,,,,,
LM3847,S/RET- Medium Strength 10g,LIQUI MOLY,Accessories,12.49,,,,,,,,,,,,,,,
LM3848,INSTANT GLUE 10GM,LIQUI MOLY,Accessories,9.65,,,,,,,,,,,,,,,
LM3851,S/RET- HIGH STRENGTH 10GM,LIQUI MOLY,Accessories,12.38,,,,,,,,,,,,,,,
LM3854,SPECIAL TEC F 5W-30 20L,LIQUI MOLY,Engine Oils,296.53,,,,,,,,,,,,,,,
LM3856,SPECIAL TEC F 5W-30 60L,LIQUI MOLY,Engine Oils,845.60,,,,,,,,,,,,,,,
LM3857,SPECIAL TEC F 5W-30 205L,LIQUI MOLY,Engine Oils,"2,778.34",,,,,,,,,,,,,,,
LM3867,LEICHTLAUF H-TECH  5W-40 20L,LIQUI MOLY,Engine Oils,340.06,,,,,,,,,,,,,,,
LM3868,LEICHTLAUF H-TECH  5W-40 60L,LIQUI MOLY,Engine Oils,954.22,,,,,,,,,,,,,,,
LM3869,LEICHTLAUF H-TECH  5W40 205L,LIQUI MOLY,Engine Oils,"2,996.39",,,,,,,,,,,,,,,
LM3910,Leichtlauf 10W-40,LIQUI MOLY,Engine Oils,"2,243.30",,,,,,,,,,,,,,,
LM4012, Valve Protection for Gas Vehicles 1L,LIQUI MOLY,Accessories,30.06,,,,,,,,,,,,,,,
LM4020,LM 145 LUB COMPOUND 300ML,LIQUI MOLY,Accessories,16.31,,,,,,,,,,,,,,,
LM4032,LM 203 MOS2 A/FRIC LAC 300ML,LIQUI MOLY,Accessories,52.96,,,,,,,,,,,,,,,
LM4033,LM 203 MoS2 A/FRIC LAC 1KG,LIQUI MOLY,Accessories,567.86,,,,,,,,,,,,,,,
LM4058,W/HUB Paste (can with brush) 200ml,LIQUI MOLY,Accessories,33.44,,,,,,,,,,,,,,,
LM4061,Copper Paste 1Kg,LIQUI MOLY,Accessories,97.16,,,,,,,,,,,,,,,
LM4066,Air Flow Sensor Cleaner 200ml,LIQUI MOLY,Accessories,12.38,,,,,,,,,,,,,,,
LM4076,LM 500 Compressor Oil SAE 30,LIQUI MOLY,Accessories,535.61,,,,,,,,,,,,,,,
LM4079,Air-Conditioning ULASONIC,LIQUI MOLY,Accessories,26.42,,,,,,,,,,,,,,,
LM4082,PAG Air Conditioning Oil 150 250ml,LIQUI MOLY,Accessories,26.71,,,,,,,,,,,,,,,
LM4083,PAG Air Conditioning Oil 46  250ml,LIQUI MOLY,Accessories,24.52,,,,,,,,,,,,,,,
LM4085,V-Belt Spray 400ml,LIQUI MOLY,Accessories,20.34,,,,,,,,,,,,,,,
LM4086,Weld Protection Spray  500ml,LIQUI MOLY,Accessories,13.50,,,,,,,,,,,,,,,
LM4087,A/C SYS-CLEN (Spray) 250ml,LIQUI MOLY,Accessories,33.91,,,,,,,,,,,,,,,
LM4089,PAG Air Conditioning Oil 100  250ml,LIQUI MOLY,Accessories,21.35,,,,,,,,,,,,,,,
LM4090,A/C SYS Cleaner Gun 1 PCE,LIQUI MOLY,Accessories,358.49,,,,,,,,,,,,,,,
LM4091,A/C SYS-CLEN  1l,LIQUI MOLY,Accessories,24.08,,,,,,,,,,,,,,,
LM4092,A/C SYS-CLEN  5l,LIQUI MOLY,Accessories,125.53,,,,,,,,,,,,,,,
LM4096,LM 48 Installation Paste,LIQUI MOLY,Accessories,118.80,,,,,,,,,,,,,,,
LM4118,LM 51 2-COMPONENTS 1KG,LIQUI MOLY,Accessories,272.81,,,,,,,,,,,,,,,
LM4218,HY G-OIL  (GL4/5) TDL SAE 80W-90,LIQUI MOLY,Gear Oil,417.06,,,,,,,,,,,,,,,
LM4406,HY G-OIL  (GL5) SAE 80W-90 1L,LIQUI MOLY,Gear Oil,17.96,,,,,,,,,,,,,,,
LM4414,LM 750 Compressor Oil SAE 40,LIQUI MOLY,Other Fluids,284.29,,,,,,,,,,,,,,,
LM4419,LM 750 COMPRESSOR OIL SAE 40 10L,LIQUI MOLY,Other Fluids,416.09,,,,,,,,,,,,,,,
LM4420,F-SYN  HY G-OIL  GL5 LS 75W-140 500ML,LIQUI MOLY,Gear Oil,32.29,,,,,,,,,,,,,,,
LM4421,F/SYN HY G-OIL  (GL5) LS SAE 75W140 1L,LIQUI MOLY,Gear Oil,62.71,,,,,,,,,,,,,,,
LM4422,F-SYN  HY G-OIL  (GL5) LS 75W-140 20L,LIQUI MOLY,Gear Oil,"1,193.44",,,,,,,,,,,,,,,
LM4423,F-SYN  HY G-OIL  (GL5) LS SAE 75W-140,LIQUI MOLY,Gear Oil,"3,403.69",,,,,,,,,,,,,,,
LM4424,ATF DEXRON II D 20L,LIQUI MOLY,Transmission Oils,261.83,,,,,,,,,,,,,,,
LM4426,H/PER   G-OIL  (GL3+) SAE 75W-80 500ML,LIQUI MOLY,Gear Oil,14.83,,,,,,,,,,,,,,,
LM4427,H/PER   G-OIL  (GL3+) SAE 75W-80 1L,LIQUI MOLY,Gear Oil,36.65,,,,,,,,,,,,,,,
LM4428,H/PER   G-OIL  (GL3+) SAE 75W-80 20L,LIQUI MOLY,Gear Oil,621.11,,,,,,,,,,,,,,,
LM4429,H/PER   G-OIL  (GL3+) SAE 75W-80,LIQUI MOLY,Gear Oil,"1,739.59",,,,,,,,,,,,,,,
LM4433,H/PER   G-OIL  (GL4+) 75W-90 500ML,LIQUI MOLY,Gear Oil,21.42,,,,,,,,,,,,,,,
LM4434,H/PER   G-OIL  (GL4+) SAE 75W-90 1L,LIQUI MOLY,Gear Oil,33.12,,,,,,,,,,,,,,,
LM4435,H/PER   G-OIL  (GL4+) SAE 75W-90 20L,LIQUI MOLY,Gear Oil,609.88,,,,,,,,,,,,,,,
LM4436,H/PER  G-OIL  (GL4+) SAE 75W-90 60L,LIQUI MOLY,Gear Oil,"1,981.26",,,,,,,,,,,,,,,
LM4443,ATF Dexron II D 1l,LIQUI MOLY,Transmission Oils,15.59,,,,,,,,,,,,,,,
LM4606, TOP-UP OIL 10W-40 5L,LIQUI MOLY,Engine Oils,70.67,,,,,,,,,,,,,,,
LM4701, Long-life Motor Oil 10W-40,LIQUI MOLY,Engine Oils,878.98,,,,,,,,,,,,,,,
LM4702, Long-life Motor Oil 10W-40,LIQUI MOLY,Engine Oils,"2,829.42",,,,,,,,,,,,,,,
LM4703,Tractor Oil STOU 10W-40,LIQUI MOLY,Engine Oils,933.37,,,,,,,,,,,,,,,
LM4704,Tractor Oil STOU 10W-40,LIQUI MOLY,Engine Oils,"3,221.96",,,,,,,,,,,,,,,
LM4705,HY G-OIL  (GL4/5) TDL SAE 80W-90,LIQUI MOLY,Gear Oil,"1,286.21",,,,,,,,,,,,,,,
LM4706,HY G-OIL  (GL5) LS SAE 85W-90,LIQUI MOLY,Gear Oil,367.92,,,,,,,,,,,,,,,
LM4707,HY G-OIL  (GL5) LS SAE 85W-90,LIQUI MOLY,Gear Oil,"1,104.95",,,,,,,,,,,,,,,
LM4708,HY G-OIL  (GL4/5) TDL SAE 75W-90 60L,LIQUI MOLY,Gear Oil,"1,495.48",,,,,,,,,,,,,,,
LM4709,HY G-OIL  (GL4/5) TDL SAE 75W-90,LIQUI MOLY,Gear Oil,"5,736.74",,,,,,,,,,,,,,,
LM4718,G-OIL  (GL4) SAE 80W,LIQUI MOLY,Gear Oil,"3,101.04",,,,,,,,,,,,,,,
LM4721,HY G-OIL  (GL4/5) TDL SAE 80W-90,LIQUI MOLY,Gear Oil,"4,273.34",,,,,,,,,,,,,,,
LM4722,Tractor Oil STOU 10W-40 20L,LIQUI MOLY,Engine Oils,275.11,,,,,,,,,,,,,,,
LM4733, Long-life Motor Oil 10W-40,LIQUI MOLY,Engine Oils,282.35,,,,,,,,,,,,,,,
LM4743, Low-friction Motor Oil 10W-40,LIQUI MOLY,Engine Oils,267.59,,,,,,,,,,,,,,,
LM4744, Low-friction Motor Oil 10W-40,LIQUI MOLY,Engine Oils,807.08,,,,,,,,,,,,,,,
LM4747, Low-friction Motor Oil 10W-40,LIQUI MOLY,Engine Oils,"2,711.95",,,,,,,,,,,,,,,
LM4749,Tractor Oil UTTO 10W-30 20l,LIQUI MOLY,Engine Oils,277.81,,,,,,,,,,,,,,,
LM4751,Tractor Oil UTTO 10W-30,LIQUI MOLY,Engine Oils,942.34,,,,,,,,,,,,,,,
LM5037,P/LINE  DPF  Cleaner,LIQUI MOLY,Accessories,170.71,,,,,,,,,,,,,,,
LM5105,SPEED PETROL ADDITIVE 1L,LIQUI MOLY,Other Fluids,31.21,,,,,,,,,,,,,,,
LM5107,PETROL STABILISER 250ML,LIQUI MOLY,Accessories,17.68,,,,,,,,,,,,,,,
LM5108,Fuel System Treatment 300ML,LIQUI MOLY,Accessories,11.66,,,,,,,,,,,,,,,
LM5111,P/LINE Throttle Valve Cleaner  400ml,LIQUI MOLY,Accessories,21.31,,,,,,,,,,,,,,,
LM5116,HYDRAULIC SYSTEM ADDITIVE 1L,LIQUI MOLY,Other Fluids,23.15,,,,,,,,,,,,,,,
LM5118, PLUS 1 PCE,LIQUI MOLY,Accessories,"2,282.51",,,,,,,,,,,,,,,
LM5122,DIESEL LUBRICITY ADDITIVE 150ML,LIQUI MOLY,Other Fluids,11.20,,,,,,,,,,,,,,,
LM5123,P/LINE DPF PROTECTION 1L,LIQUI MOLY,Accessories,45.22,,,,,,,,,,,,,,,
LM5131,Diesel Flow Fit K 1L,LIQUI MOLY,Accessories,37.44,,,,,,,,,,,,,,,
LM5132,Diesel Flow Fit K 5L,LIQUI MOLY,Accessories,146.70,,,,,,,,,,,,,,,
LM5133,Diesel Flow Fit K,LIQUI MOLY,Accessories,562.32,,,,,,,,,,,,,,,
LM5137,P/LINE  Fuel Tank Cleaner 500ML,LIQUI MOLY,Accessories,19.62,,,,,,,,,,,,,,,
LM5140,SUPER DIESEL ADDITIVE 5L ,LIQUI MOLY,Other Fluids,111.64,,,,,,,,,,,,,,,
LM5144,P/LINE Diesel SYS-CLEN K 1l,LIQUI MOLY,Accessories,51.37,,,,,,,,,,,,,,,
LM5145,SUPER DIESEL ADDITIVE 50L,LIQUI MOLY,Other Fluids,726.44,,,,,,,,,,,,,,,
LM5146,Super Diesel Additive,LIQUI MOLY,Other Fluids,"2,614.82",,,,,,,,,,,,,,,
LM5147,P/LINE F/SYS CLEN 1L,LIQUI MOLY,Accessories,34.88,,,,,,,,,,,,,,,
LM5149,P/LINE  D/INJ CLEN 1L,LIQUI MOLY,Accessories,33.48,,,,,,,,,,,,,,,
LM5151,P/LINE  F/SYS CLEN 5L,LIQUI MOLY,Accessories,124.42,,,,,,,,,,,,,,,
LM5152,P/LINE  F/SYS CLEN K 500ml,LIQUI MOLY,Accessories,54.40,,,,,,,,,,,,,,,
LM5153,P/LINE GASOLINE SYS-CLEN 500ML,LIQUI MOLY,Accessories,24.01,,,,,,,,,,,,,,,
LM5154,P/LINE  D/INJ CLEN 500ML,LIQUI MOLY,Accessories,23.54,,,,,,,,,,,,,,,
LM5155,P/LINE  D/INJ CLEN 5L,LIQUI MOLY,Accessories,120.53,,,,,,,,,,,,,,,
LM5156,P/LINE DIESEL SYS-CLEN 500ML,LIQUI MOLY,Accessories,25.81,,,,,,,,,,,,,,,
LM5159,P/LINE Diesel SYS-CLEN,LIQUI MOLY,Accessories,"2,127.49",,,,,,,,,,,,,,,
LM5168,P/LINE Intake SYS-CLEN Diesel 400ml,LIQUI MOLY,Accessories,46.40,,,,,,,,,,,,,,,
LM5169,P/LINE DPF CLEANER 1L,LIQUI MOLY,Accessories,56.34,,,,,,,,,,,,,,,
LM5171,P/LINE DPF PURGE 500ML,LIQUI MOLY,Accessories,40.93,,,,,,,,,,,,,,,
LM5176,P/LINE SUPER DIESEL ADDITIVE 1L,LIQUI MOLY,Other Fluids,51.52,,,,,,,,,,,,,,,
LM5178,P/LINE RADIATOR STOP LEAK K 250ML,LIQUI MOLY,Accessories,18.58,,,,,,,,,,,,,,,
LM5182,P/LINE OIL LOSS STOP 1L,LIQUI MOLY,Accessories,43.60,,,,,,,,,,,,,,,
LM5189,P/LINE RADIATOR CLEANER 1L,LIQUI MOLY,Accessories,31.46,,,,,,,,,,,,,,,
LM5196,P/LINE VISCO-PLUS 1L,LIQUI MOLY,Accessories,25.34,,,,,,,,,,,,,,,
LM5197,P/LINE ENGINE WEAR PROTECTION 1L,LIQUI MOLY,Accessories,44.68,,,,,,,,,,,,,,,
LM5198,P/LINE G-OIL  ADDITIVE 150ml,LIQUI MOLY,Other Fluids,47.09,,,,,,,,,,,,,,,
LM5199,P/LINE G-OIL  LEAK STOP 500ML,LIQUI MOLY,Gear Oil,53.21,,,,,,,,,,,,,,,
LM5200,OIL SLUDGE FLUSH 300ML,LIQUI MOLY,Accessories,19.08,,,,,,,,,,,,,,,
LM5310,GREASE GUN FOR CARTRIDGES 1 PCE,LIQUI MOLY,Accessories,62.14,,,,,,,,,,,,,,,
LM6028,LIQUIFAST 9000 (BAG SET) 1 PCE,LIQUI MOLY,Accessories,56.09,,,,,,,,,,,,,,,
LM6051,BIKE CHAIN OIL DRY LUBE 100ML,LIQUI MOLY,Accessories,18.86,,,,,,,,,,,,,,,
LM6052,BIKE CHAIN OIL WET LUBE 100ML,LIQUI MOLY,Accessories,13.82,,,,,,,,,,,,,,,
LM6054,BIKE BRAKE AND CHAIN CLEANER 400ML,LIQUI MOLY,Accessories,8.42,,,,,,,,,,,,,,,
LM6055,BIKE CHAIN SPRAY 400ML,LIQUI MOLY,Accessories,21.64,,,,,,,,,,,,,,,
LM6056,BIKE TYRE FIX 75ML,LIQUI MOLY,Accessories,18.25,,,,,,,,,,,,,,,
LM6057,Bike LM 40 Multi-Purpose Spray,LIQUI MOLY,Accessories,9.43,,,,,,,,,,,,,,,
LM6058,Bike Gloss Spray Wax 400ML,LIQUI MOLY,Accessories,16.31,,,,,,,,,,,,,,,
LM6100,UNDERSEAL BLACK SPRAY 500ML,LIQUI MOLY,Accessories,21.10,,,,,,,,,,,,,,,
LM6102,UNDERSEAL ANTHRACITE/BLACK 1L,LIQUI MOLY,Accessories,31.00,,,,,,,,,,,,,,,
LM6103,Rust Pro Wax BROWN (Spray) 500ML,LIQUI MOLY,Accessories,19.40,,,,,,,,,,,,,,,
LM6104,RUST PRO WAX BEIGE/TRANSPARENT 1L,LIQUI MOLY,Accessories,31.14,,,,,,,,,,,,,,,
LM6105,"Stoneguard, gray (Spray)",LIQUI MOLY,Accessories,22.72,,,,,,,,,,,,,,,
LM6106,"Stoneguard, gray",LIQUI MOLY,Accessories,28.80,,,,,,,,,,,,,,,
LM6107,"Cavity Protection, light brown (Spray)",LIQUI MOLY,Accessories,19.69,,,,,,,,,,,,,,,
LM6108,"Cavity Protection, light brown",LIQUI MOLY,Accessories,30.20,,,,,,,,,,,,,,,
LM6109,STONEGUARD BLACK 500ML,LIQUI MOLY,Accessories,23.33,,,,,,,,,,,,,,,
LM6110,"Stoneguard, black",LIQUI MOLY,Accessories,28.80,,,,,,,,,,,,,,,
LM6111,UNDERSEAL BLACK SPRAY 500ML,LIQUI MOLY,Accessories,20.59,,,,,,,,,,,,,,,
LM6112,UNDERSEAL BLACK 1L,LIQUI MOLY,Accessories,22.25,,,,,,,,,,,,,,,
LM6113,UNDERSEAL SPRAY 500ML,LIQUI MOLY,Accessories,19.22,,,,,,,,,,,,,,,
LM6114,UNDERSEAL BLACK 1L,LIQUI MOLY,Accessories,25.99,,,,,,,,,,,,,,,
LM6115,CAVITY PRO TRANS (SPRAY) 500ml,LIQUI MOLY,Accessories,11.56,,,,,,,,,,,,,,,
LM6116,CAVITY PRO TRANS 1L,LIQUI MOLY,Accessories,28.08,,,,,,,,,,,,,,,
LM6118,"Cavity Protection, transparent",LIQUI MOLY,Accessories,274.90,,,,,,,,,,,,,,,
LM6119,UNDERSEAL SPREADABLE BLACK 2KG,LIQUI MOLY,Accessories,46.04,,,,,,,,,,,,,,,
LM6120,"Wax Underseal, anthracite/black",LIQUI MOLY,Accessories,"1,752.41",,,,,,,,,,,,,,,
LM6126,LIQUIMATE 7700 MINI  CARTRIDGE 50ML,LIQUI MOLY,Accessories,41.54,,,,,,,,,,,,,,,
LM6130,Cleaner and Thinner 1l,LIQUI MOLY,Accessories,26.14,,,,,,,,,,,,,,,
LM6135,CABLE GREASE (SPRAY) 500ML,LIQUI MOLY,Accessories,15.80,,,,,,,,,,,,,,,
LM6136,Liquifast 1402,LIQUI MOLY,Accessories,30.42,,,,,,,,,,,,,,,
LM6137,Liquifast 1402,LIQUI MOLY,Accessories,35.39,,,,,,,,,,,,,,,
LM6138,Liquifast 1402 (Cartridge-set),LIQUI MOLY,Accessories,59.65,,,,,,,,,,,,,,,
LM6139,LIQUIFAST 1502 310ML,LIQUI MOLY,Accessories,34.88,,,,,,,,,,,,,,,
LM6140,Liquifast 1502,LIQUI MOLY,Accessories,39.60,,,,,,,,,,,,,,,
LM6141,Liquifast 1502 (Cartridge-set),LIQUI MOLY,Accessories,65.20,,,,,,,,,,,,,,,
LM6146,LIQUIMATE 8100 1K-PUR BLACK 300ML,LIQUI MOLY,Accessories,19.30,,,,,,,,,,,,,,,
LM6147,Liquimate 8100 1K-PUR white,LIQUI MOLY,Accessories,20.52,,,,,,,,,,,,,,,
LM6148,Liquimate 8200 MS Polymer black,LIQUI MOLY,Accessories,29.12,,,,,,,,,,,,,,,
LM6149,Liquimate 8200 MS Polymer white,LIQUI MOLY,Accessories,29.12,,,,,,,,,,,,,,,
LM6150,LIQUIMATE 8300 SEAM GRAY 310ML,LIQUI MOLY,Accessories,27.22,,,,,,,,,,,,,,,
LM6151,LIQUIMATE 8300 SEALANT BLACK 310ML,LIQUI MOLY,Accessories,27.22,,,,,,,,,,,,,,,
LM6154,Liquimate 8100 1K-PUR gray,LIQUI MOLY,Accessories,20.52,,,,,,,,,,,,,,,
LM6155,LIQUIFAST 1402 (Bag Set) 400ml,LIQUI MOLY,Accessories,64.73,,,,,,,,,,,,,,,
LM6156,Liquifast 1502 (Bag-set),LIQUI MOLY,Accessories,69.98,,,,,,,,,,,,,,,
LM6157,LIQUIFAST 1599 310ml,LIQUI MOLY,Accessories,43.42,,,,,,,,,,,,,,,
LM6162,Liquimate 7700 Mini cartridge,LIQUI MOLY,Accessories,43.96,,,,,,,,,,,,,,,
LM6165,SUPER ADHESIVE 8050 MS 290ML,LIQUI MOLY,Accessories,39.49,,,,,,,,,,,,,,,
LM6171,LIQUIFAST 9000 (Bag) 400ml,LIQUI MOLY,Accessories,32.76,,,,,,,,,,,,,,,
LM6177,SILICONE S/ COMPOUND BLACK 80ML,LIQUI MOLY,Accessories,15.16,,,,,,,,,,,,,,,
LM6179, 2-Component P- Adhesive 25ml,LIQUI MOLY,Accessories,18.32,,,,,,,,,,,,,,,
LM6181,ACTIVE PRIMER 30ML,LIQUI MOLY,Accessories,17.71,,,,,,,,,,,,,,,
LM6183,EPOXY-ADHESIVE 25ML,LIQUI MOLY,Accessories,15.34,,,,,,,,,,,,,,,
LM6184,SEALING COMPOUND TRANS 200ML,LIQUI MOLY,Accessories,40.21,,,,,,,,,,,,,,,
LM6185,SEALING COMPOUND BLACK 200ML,LIQUI MOLY,Accessories,39.71,,,,,,,,,,,,,,,
LM6187,METAL PUTTY 56G,LIQUI MOLY,Accessories,13.43,,,,,,,,,,,,,,,
LM6192,ADHESIVE BODY SPRAY 400ML,LIQUI MOLY,Accessories,23.90,,,,,,,,,,,,,,,
LM6193,LIQUID METAL 25ML,LIQUI MOLY,Accessories,22.39,,,,,,,,,,,,,,,
LM6194,REARVIEW MIRROR ADHESIVE SET 1ML,LIQUI MOLY,Accessories,16.27,,,,,,,,,,,,,,,
LM6196,Glass Sealing Compound 310ML,LIQUI MOLY,Accessories,26.42,,,,,,,,,,,,,,,
LM6197,ROUND SEALING CORD 1 PCE,LIQUI MOLY,Accessories,120.17,,,,,,,,,,,,,,,
LM6208,Cavity Seal Spray Probe,LIQUI MOLY,Accessories,13.75,,,,,,,,,,,,,,,
LM6229,Toolset for Glass Repairs,LIQUI MOLY,Accessories,"1,134.86",,,,,,,,,,,,,,,
LM6261,Laminated Glass Repair System Case,LIQUI MOLY,Accessories,"1,050.37",,,,,,,,,,,,,,,
LM6265,"Laminated Glass Repair Sys Case, /Car",LIQUI MOLY,Accessories,"2,714.87",,,,,,,,,,,,,,,
LM6297,Grinding and Polishing Paste 25ml,LIQUI MOLY,Accessories,29.70,,,,,,,,,,,,,,,
LM6298,Size Resin,LIQUI MOLY,Accessories,41.33,,,,,,,,,,,,,,,
LM6299,Repair Resin with Injector,LIQUI MOLY,Accessories,65.63,,,,,,,,,,,,,,,
LM6738,SPECIAL TEC AA 0W20 1L,LIQUI MOLY,Engine Oils,19.19,,,,,,,,,,,,,,,
LM6739,SPECIAL TEC AA 0W20 5L,LIQUI MOLY,Engine Oils,92.95,,,,,,,,,,,,,,,
LM6902,W/S  DE-ICER 500ML,LIQUI MOLY,Accessories,9.79,,,,,,,,,,,,,,,
LM6923,W/S  Frost Guard Concentrate -60 �C 1L,LIQUI MOLY,Accessories,8.32,,,,,,,,,,,,,,,
LM6925,W/S  CLEANER COMPACT (24 PER BOX),LIQUI MOLY,Accessories,2.99,,,,,,,,,,,,,,,
LM6959,Tractor Oil UTTO 10W-30,LIQUI MOLY,Engine Oils,"3,430.48",,,,,,,,,,,,,,,
LM6960,Tractor Oil STOU/UTTO,LIQUI MOLY,Accessories,277.09,,,,,,,,,,,,,,,
LM6962,Tractor Oil STOU/UTTO,LIQUI MOLY,Accessories,"2,406.60",,,,,,,,,,,,,,,
LM7055,Oil Change Canister 1pc,LIQUI MOLY,Accessories,34.99,,,,,,,,,,,,,,,
LM7110,CATALYTIC-SYSTEM CLEAN 300ML,LIQUI MOLY,Accessories,11.70,,,,,,,,,,,,,,,
LM7178,OIL ADDITIVE 200ML,LIQUI MOLY,Other Fluids,12.13,,,,,,,,,,,,,,,
LM7179,DIESEL SMOKE STOP CONCEN 250ML,LIQUI MOLY,Accessories,16.45,,,,,,,,,,,,,,,
LM7180,DPF PROTECTOR 250ML,LIQUI MOLY,Accessories,8.64,,,,,,,,,,,,,,,
LM7182,RUBBER CARE 75ML,LIQUI MOLY,Accessories,6.95,,,,,,,,,,,,,,,
LM7250,Oil & Chemical Binding Agents,LIQUI MOLY,Accessories,50.00,,,,,,,,,,,,,,,
LM7351,NOVA SUPER 10W40 5L,LIQUI MOLY,Engine Oils,47.99,,,,,,,,,,,,,,,
LM7384,P/LINE PTFE POWDER SPRAY 400ML,LIQUI MOLY,Accessories,11.48,,,,,,,,,,,,,,,
LM7385,P/LINE  SPRAY 400ML,LIQUI MOLY,Accessories,14.69,,,,,,,,,,,,,,,
LM7386,P/LINE ELECTRONIC SPRAY 400ML,LIQUI MOLY,Accessories,14.72,,,,,,,,,,,,,,,
LM7387,P/LINE MAIN/SPRAY WHITE 400ML,LIQUI MOLY,Accessories,16.60,,,,,,,,,,,,,,,
LM7388,P/LINE TACKY LUBE SPRAY 400ML,LIQUI MOLY,Accessories,17.57,,,,,,,,,,,,,,,
LM7389,P/LINE SILICONE SPRAY 400ML,LIQUI MOLY,Accessories,11.74,,,,,,,,,,,,,,,
LM7390,P/LINE RAPID RUST SOLVENT 400ML,LIQUI MOLY,Accessories,10.55,,,,,,,,,,,,,,,
LM7517,SPECIAL TEC AA 5W30 20L,LIQUI MOLY,Engine Oils,318.78,,,,,,,,,,,,,,,
LM7518,Special Tec AA 5W-30,LIQUI MOLY,Engine Oils,"2,982.20",,,,,,,,,,,,,,,
LM7521, H-TECH  10W-30 1l,LIQUI MOLY,Engine Oils,12.60,,,,,,,,,,,,,,,
LM7530,SPECIAL TEC AA 5W-30 5L,LIQUI MOLY,Engine Oils,82.15,,,,,,,,,,,,,,,
LM7615,SPECIAL TEC AA 5W-30 1L,LIQUI MOLY,Engine Oils,18.22,,,,,,,,,,,,,,,
LM7622,Special Tec AA 5W-20,LIQUI MOLY,Accessories,"2,805.55",,,,,,,,,,,,,,,
LM7803,DRUM RACK FOR 2 X 60L DRUMS  PAN ,LIQUI MOLY,Accessories,"1,258.27",,,,,,,,,,,,,,,
LM7804,MEASURING CUP SET,LIQUI MOLY,Accessories,167.83,,,,,,,,,,,,,,,
LM7806,"Oil Funnel, plastic 1pc",LIQUI MOLY,Accessories,14.65,,,,,,,,,,,,,,,
LM7812,Oil Drip Pan,LIQUI MOLY,Accessories,"1,286.64",,,,,,,,,,,,,,,
LM7820,M-BIKE  SPEED SHOOTER 80ML,LIQUI MOLY,Accessories,8.06,,,,,,,,,,,,,,,
LM7822,M-BIKE  4T SHOOTER 80ML,LIQUI MOLY,Accessories,7.45,,,,,,,,,,,,,,,
LM7828,WASTE OIL SUCTION DEVICE 1 PCE,LIQUI MOLY,Accessories,"2,281.97",,,,,,,,,,,,,,,
LM7839,G-OIL  FILLER 1 PCE,LIQUI MOLY,Gear Oil,"1,079.64",,,,,,,,,,,,,,,
LM7924,DRAIN COCK +O-RING DIN 61 1 PCE (20l),LIQUI MOLY,Accessories,18.72,,,,,,,,,,,,,,,
LM7932,PLASTIC HAND PUMP 1 PCE,LIQUI MOLY,Accessories,145.91,,,,,,,,,,,,,,,
LM7941,Oil Filling Unit for Transmissions 1pc,LIQUI MOLY,Accessories,960.23,,,,,,,,,,,,,,,
LM7945,DPF PROBE WITH 5 INTER TIPS 1 PCE,LIQUI MOLY,Accessories,582.19,,,,,,,,,,,,,,,
LM7946,DPF PRESSURIZED TANK SPRAY GUN 1PCE,LIQUI MOLY,Accessories,431.78,,,,,,,,,,,,,,,
LM7954,Drum Packet D,LIQUI MOLY,Accessories,"4,906.55",,,,,,,,,,,,,,,
LM7988,DRUM FILL LEVEL INDICATOR 1 PCE,LIQUI MOLY,Accessories,99.36,,,,,,,,,,,,,,,
LM7989,MANUAL MEASURE SYRINGE 1000ML ,LIQUI MOLY,Accessories,152.42,,,,,,,,,,,,,,,
LM7994,DRUM RACK WITH OIL DRIP PAN (6 x 60),LIQUI MOLY,Accessories,"2,260.08",,,,,,,,,,,,,,,
LM8067,SPECIAL TEC AA 0W20 205L,LIQUI MOLY,Engine Oils,"3,023.17",,,,,,,,,,,,,,,
LM8071,SPECIAL TEC AA 0W20 20L,LIQUI MOLY,Engine Oils,358.81,,,,,,,,,,,,,,,
LM8072,SPECIAL TEC AA 0W20 60L,LIQUI MOLY,Engine Oils,960.34,,,,,,,,,,,,,,,
LM8198,GLOSS WAXING SHAMPOO 10L,LIQUI MOLY,Accessories,159.62,,,,,,,,,,,,,,,
LM8365,FUEL SYSTEM TREATMENT 300ML,LIQUI MOLY,Accessories,11.45,,,,,,,,,,,,,,,
LM8374,ENGINE FLUSH PLUS 300ML,LIQUI MOLY,Accessories,11.02,,,,,,,,,,,,,,,
LM8422,Molygen New Generation 10W-30,LIQUI MOLY,Engine Oils,"3,156.34",,,,,,,,,,,,,,,
LM8460,SPECIAL TEC LR 5W20 5L,LIQUI MOLY,Engine Oils,89.71,,,,,,,,,,,,,,,
LM8536,MOLYGEN NEW GENERATION 5W-40 5L,LIQUI MOLY,Engine Oils,96.05,,,,,,,,,,,,,,,
LM8539,MOLYGEN NEW GENERATION 5W-20 1L,LIQUI MOLY,Engine Oils,19.04,,,,,,,,,,,,,,,
LM8540,MOLYGEN NEW GENERATION 5W-20 5L,LIQUI MOLY,Engine Oils,92.48,,,,,,,,,,,,,,,
LM8576,MOLYGEN NEW GENERATION 5W40 1L,LIQUI MOLY,Engine Oils,22.10,,,,,,,,,,,,,,,
LM8901,OIL SMOKE STOP 300ML,LIQUI MOLY,Accessories,10.26,,,,,,,,,,,,,,,
LM8902,Special Tec F 0W-30,LIQUI MOLY,Engine Oils,24.41,,,,,,,,,,,,,,,
LM8903,Special Tec F 0W-30,LIQUI MOLY,Engine Oils,114.44,,,,,,,,,,,,,,,
LM8905, H-TECH  15W-40 1L,LIQUI MOLY,Engine Oils,13.75,,,,,,,,,,,,,,,
LM8908,SYN-OIL RACE TECH GT1 10W-60 1L,LIQUI MOLY,Engine Oils,27.36,,,,,,,,,,,,,,,
LM8909,SYN-OIL RACE TECH GT1 10W-60 5L,LIQUI MOLY,Engine Oils,125.82,,,,,,,,,,,,,,,
LM8916,COLD SPRAY 400ML,LIQUI MOLY,Accessories,17.17,,,,,,,,,,,,,,,
LM8929,Diesel Flow Fit,LIQUI MOLY,Accessories,10.33,,,,,,,,,,,,,,,
LM8931,CATALYTIC SYS.CLEANER 300ML,LIQUI MOLY,Accessories,9.76,,,,,,,,,,,,,,,
LM8948,Silicone Sealing Compound (Red) 80ml,LIQUI MOLY,Accessories,15.16,,,,,,,,,,,,,,,
LM8953,COMMON RAIL ADDITIVE 250ML,LIQUI MOLY,Other Fluids,12.96,,,,,,,,,,,,,,,
LM8956,RADIATOR STOP LEAK 150ML,LIQUI MOLY,Accessories,9.14,,,,,,,,,,,,,,,
LM8958,VISCOPLUS FOR OIL 300ML,LIQUI MOLY,Accessories,12.31,,,,,,,,,,,,,,,
LM8972,TOP TEC 4200 5W-30 1L,LIQUI MOLY,Engine Oils,26.46,,,,,,,,,,,,,,,
LM8973,TOP TEC 4200 5W-30 5L,LIQUI MOLY,Engine Oils,118.51,,,,,,,,,,,,,,,
LM8976,SYN-OIL LONGTIME 0W30 1L,LIQUI MOLY,Engine Oils,23.83,,,,,,,,,,,,,,,
LM8977,SYN-OIL LONGTIME 0W30 5L,LIQUI MOLY,Engine Oils,101.27,,,,,,,,,,,,,,,
LM9001,2K A/C SYS-CLEN 5L,LIQUI MOLY,Accessories,100.69,,,,,,,,,,,,,,,
LM9044,Molygen New Generation 5W-30,LIQUI MOLY,Engine Oils,986.80,,,,,,,,,,,,,,,
LM9045,Molygen New Generation 5W-30,LIQUI MOLY,Engine Oils,"3,143.63",,,,,,,,,,,,,,,
LM9047,MOLYGEN NEW GENERATION 5W-30 1L,LIQUI MOLY,Engine Oils,19.66,,,,,,,,,,,,,,,
LM9056,Molygen New Generation 5W-40,LIQUI MOLY,Engine Oils,"1,038.20",,,,,,,,,,,,,,,
LM9057,MOLYGEN NEW GEN 5W40 205L,LIQUI MOLY,Engine Oils,"3,331.98",,,,,,,,,,,,,,,
LM9063,Molygen New Generation 10W-40,LIQUI MOLY,Engine Oils,769.75,,,,,,,,,,,,,,,
LM9064,Molygen New Generation 10W-40,LIQUI MOLY,Engine Oils,"2,431.51",,,,,,,,,,,,,,,
LM9500,LEICHTLAUF 10W-40 1 L,LIQUI MOLY,Engine Oils,13.14,,,,,,,,,,,,,,,
LM9502,LEICHTLAUF 10W-40 5L,LIQUI MOLY,Engine Oils,53.71,,,,,,,,,,,,,,,
LM9503,SUPER LEICHTLAUF 10W40 1L,LIQUI MOLY,Engine Oils,13.00,,,,,,,,,,,,,,,
LM9505,SUPER LEICHTLAUF 10W40 5L,LIQUI MOLY,Engine Oils,53.60,,,,,,,,,,,,,,,
LM9506,LONGTIME H-TECH  5W-30 1L,LIQUI MOLY,Engine Oils,19.26,,,,,,,,,,,,,,,
LM9507,LONGTIME H-TECH  5W-30 5L,LIQUI MOLY,Engine Oils,89.89,,,,,,,,,,,,,,,
LM9509,SPECIAL TEC 5W30 5L,LIQUI MOLY,Engine Oils,84.17,,,,,,,,,,,,,,,
LM9510,TOP TEC 4100 5W-40 1L,LIQUI MOLY,Engine Oils,25.67,,,,,,,,,,,,,,,
LM9511,TOP TEC 4100 5W-40 5L,LIQUI MOLY,Engine Oils,100.51,,,,,,,,,,,,,,,
LM9514,SYN-OIL ENERGY 0W-40 1L,LIQUI MOLY,Engine Oils,24.95,,,,,,,,,,,,,,,
LM9515,SYN-OIL ENERGY 0W-40 5L,LIQUI MOLY,Engine Oils,101.09,,,,,,,,,,,,,,,
LM9700,Top Tec ATF 1100 G,LIQUI MOLY,Transmission Oils,19.73,,,,,,,,,,,,,,,
LM9703,TOP TEC ATF 1200 G 1L,LIQUI MOLY,Transmission Oils,20.23,,,,,,,,,,,,,,,
LM9802,Air Conditioner Cleaning Set,LIQUI MOLY,Accessories,625.43,,,,,,,,,,,,,,,
LM9913,P/LINE Electronic Spray,LIQUI MOLY,Accessories,18.18,,,,,,,,,,,,,,,
LM9917,P/LINE Rapid Rust Solvent,LIQUI MOLY,Accessories,14.04,,,,,,,,,,,,,,,
LM9951,MOLYGEN NEW GEN 10W-40 5L,LIQUI MOLY,Engine Oils,64.51,,,,,,,,,,,,,,,
LM9952,MOLYGEN NEW GENERATION 5W-30 5L,LIQUI MOLY,Engine Oils,93.31,,,,,,,,,,,,,,,
LM9955,MOLYGEN NEW GEN 10W-40 1L,LIQUI MOLY,Engine Oils,14.51,,,,,,,,,,,,,,,
LM9975,MOLYGEN NEW GENERATION 10W-30 1L,LIQUI MOLY,Engine Oils,23.08,,,,,,,,,,,,,,,
LM9978,MOLYGEN NEW GENERATION 10W-30 5L,LIQUI MOLY,Engine Oils,99.11,,,,,,,,,,,,,,,
LM20000,CLIMATE REFRESH 75ML,LIQUI MOLY,Accessories,17.68,,,,,,,,,,,,,,,
LM20597,M-BIKE  ENGINE FLUSH SHOOTER 80ML,LIQUI MOLY,Accessories,6.30,,,,,,,,,,,,,,,
LM20604,Bike Kettenspray,LIQUI MOLY,Accessories,16.34,,,,,,,,,,,,,,,
LM20612,P/LINE PTFE H/PER  Lube Spray 400ML,LIQUI MOLY,Accessories,18.58,,,,,,,,,,,,,,,
LM20613,Top Tec ATF 1300,LIQUI MOLY,Transmission Oils,920.63,,,,,,,,,,,,,,,
LM20614,Top Tec ATF 1400,LIQUI MOLY,Transmission Oils,"1,174.75",,,,,,,,,,,,,,,
LM20615,Top Tec ATF 1900,LIQUI MOLY,Transmission Oils,"1,222.20",,,,,,,,,,,,,,,
LM20624,Top Tec ATF 1800,LIQUI MOLY,Transmission Oils,"3,622.64",,,,,,,,,,,,,,,
LM20625,TOP TEC ATF 1800R 1L,LIQUI MOLY,Transmission Oils,20.92,,,,,,,,,,,,,,,
LM20626,D/CLUTCH TRANS OIL 8100 5L,LIQUI MOLY,Accessories,140.94,,,,,,,,,,,,,,,
LM20630,"DPF Spray Probe, long (30 cm) 1pc",LIQUI MOLY,Accessories,102.60,,,,,,,,,,,,,,,
LM20631,SPECIAL TEC V 0W20 1L,LIQUI MOLY,Engine Oils,21.49,,,,,,,,,,,,,,,
LM20632,SPECIAL TEC V 0W20 5L,LIQUI MOLY,Engine Oils,97.70,,,,,,,,,,,,,,,
LM20633,SPECIAL TEC V 0W-20 20L,LIQUI MOLY,Engine Oils,374.15,,,,,,,,,,,,,,,
LM20634,SPECIAL TEC V 0W20 60L,LIQUI MOLY,Engine Oils,"1,031.62",,,,,,,,,,,,,,,
LM20635,Special Tec V 0W-20,LIQUI MOLY,Engine Oils,"3,451.64",,,,,,,,,,,,,,,
LM20645,HY G-OIL  (GL4/5) TDL SAE 80W-90 1L,LIQUI MOLY,Gear Oil,20.23,,,,,,,,,,,,,,,
LM20649,Polishing Microfiber Cloth 1 PCE,LIQUI MOLY,Accessories,19.62,,,,,,,,,,,,,,,
LM20656,PROFI LONGLIFE III 5W30 205L,LIQUI MOLY,Engine Oils,"3,117.85",,,,,,,,,,,,,,,
LM20659,MOTORENOL SAE 20W-50 HD 205L,LIQUI MOLY,Engine Oils,"2,036.63",,,,,,,,,,,,,,,
LM20662,TOP TEC ATF 1800 5L,LIQUI MOLY,Transmission Oils,105.80,,,,,,,,,,,,,,,
LM20724,Special Tec F 0W-30,LIQUI MOLY,Engine Oils,419.40,,,,,,,,,,,,,,,
LM20725,Special Tec F 0W-30,LIQUI MOLY,Engine Oils,"1,237.79",,,,,,,,,,,,,,,
LM20726,Special Tec F 0W-30,LIQUI MOLY,Engine Oils,"3,898.08",,,,,,,,,,,,,,,
LM20735,PAG AIR CON OIL 46R-1234YF 250ML,LIQUI MOLY,Accessories,30.46,,,,,,,,,,,,,,,
LM20736,PAG AIR CON OIL 100R-1234 YF 250ML,LIQUI MOLY,Accessories,33.59,,,,,,,,,,,,,,,
LM20737,ATV 4T Motoroil 5W-50 1L,LIQUI MOLY,Engine Oils,24.70,,,,,,,,,,,,,,,
LM20738,ATV 4T Motoroil 5W-50 4L,LIQUI MOLY,Engine Oils,88.02,,,,,,,,,,,,,,,
LM20750,M-BIKE  4T 5W-40 HC STREET 1L,LIQUI MOLY,Engine Oils,22.90,,,,,,,,,,,,,,,
LM20751,M-BIKE  4T 5W-40 HC STREET 4L,LIQUI MOLY,Engine Oils,81.07,,,,,,,,,,,,,,,
LM20753,M-BIKE  4T SYN 10W-40 S/RACE 1L,LIQUI MOLY,Engine Oils,26.24,,,,,,,,,,,,,,,
LM20754,M-BIKE  4T SYN 10W-40 S/RACE 4L,LIQUI MOLY,Engine Oils,98.03,,,,,,,,,,,,,,,
LM20755,M-BIKE  4T SYN 10W-40 S/RACE,LIQUI MOLY,Engine Oils,"1,263.78",,,,,,,,,,,,,,,
LM20766,P/LINE TURBOCHARGER ADDITIVE 20g,LIQUI MOLY,Other Fluids,11.56,,,,,,,,,,,,,,,
LM20768,START FIX 200ML,LIQUI MOLY,Accessories,9.76,,,,,,,,,,,,,,,
LM20772,TOP TEC 6100 0W30 20L,LIQUI MOLY,Engine Oils,431.96,,,,,,,,,,,,,,,
LM20773,TOP TEC 6100 0W30 60L,LIQUI MOLY,Engine Oils,"1,228.50",,,,,,,,,,,,,,,
LM20775,TOP TEC 6100 0W-30 205L,LIQUI MOLY,Engine Oils,"3,843.86",,,,,,,,,,,,,,,
LM20777,TOP TEC 6100 0W30 1L,LIQUI MOLY,Engine Oils,23.36,,,,,,,,,,,,,,,
LM20779,TOP TEC 6100 0W30 5L,LIQUI MOLY,Engine Oils,112.75,,,,,,,,,,,,,,,
LM20782,TOP TEC 6200 0W20 20L,LIQUI MOLY,Engine Oils,568.94,,,,,,,,,,,,,,,
LM20783,TOP TEC 6200 0W20 60L,LIQUI MOLY,Engine Oils,"1,613.02",,,,,,,,,,,,,,,
LM20785,TOP TEC 6200 0W20 205L,LIQUI MOLY,Engine Oils,"5,153.00",,,,,,,,,,,,,,,
LM20787,TOP TEC 6200 0W20 1L,LIQUI MOLY,Engine Oils,31.46,,,,,,,,,,,,,,,
LM20789,TOP TEC 6200 0W20 5L,LIQUI MOLY,Engine Oils,150.59,,,,,,,,,,,,,,,
LM20792,SPECIAL TEC AA 5W-20 1L,LIQUI MOLY,Engine Oils,19.48,,,,,,,,,,,,,,,
LM20793,SPECIAL TEC AA 5W-20 5L,LIQUI MOLY,Engine Oils,93.92,,,,,,,,,,,,,,,
LM20795,MOS2-LEICHTLAUF 20W50 20L,LIQUI MOLY,Engine Oils,304.45,,,,,,,,,,,,,,,
LM20799,Molygen New Generation 5W-20,LIQUI MOLY,Engine Oils,"2,968.27",,,,,,,,,,,,,,,
LM20812, H-TECH  20W-50 1L,LIQUI MOLY,Engine Oils,13.97,,,,,,,,,,,,,,,
LM20813, H-TECH  20W-50 5L,LIQUI MOLY,Engine Oils,58.39,,,,,,,,,,,,,,,
LM20816,Classic Transmission Oil SAE 90 1L,LIQUI MOLY,Transmission Oils,16.67,,,,,,,,,,,,,,,
LM20817,Classic Transmission Oil SAE 140 1L,LIQUI MOLY,Transmission Oils,22.32,,,,,,,,,,,,,,,
LM20820,LONGLIFE III 5W-30 1L,LIQUI MOLY,Engine Oils,23.90,,,,,,,,,,,,,,,
LM20822,LONGLIFE III 5W-30 5L,LIQUI MOLY,Engine Oils,107.46,,,,,,,,,,,,,,,
LM20826,M-BIKE  4T 10W-40 SCOOTER RACE 1L,LIQUI MOLY,Engine Oils,27.00,,,,,,,,,,,,,,,
LM20829,M-BIKE  4T 5W-40 HC SCOOTER 1L,LIQUI MOLY,Engine Oils,23.08,,,,,,,,,,,,,,,
LM20832,M-BIKE  4T 10W-40 SCOOTER MB 1L,LIQUI MOLY,Engine Oils,18.22,,,,,,,,,,,,,,,
LM20842,TOP TEC MTF 5100 75W 1L,LIQUI MOLY,Gear Oil,27.61,,,,,,,,,,,,,,,
LM20843,TOP TEC MTF 5100 75W 20L,LIQUI MOLY,Gear Oil,490.61,,,,,,,,,,,,,,,
LM20844,Top Tec MTF 5100 75W,LIQUI MOLY,Gear Oil,"1,290.31",,,,,,,,,,,,,,,
LM20845,TOP TEC MTF 5200 75W-80 1L,LIQUI MOLY,Gear Oil,26.50,,,,,,,,,,,,,,,
LM20846,Top Tec MTF 5200 75W-80 20l,LIQUI MOLY,Gear Oil,497.34,,,,,,,,,,,,,,,
LM20847,Top Tec MTF 5200 75W-80,LIQUI MOLY,Gear Oil,"1,432.66",,,,,,,,,,,,,,,
LM20955,SPECIAL TEC AA 5W30 60L,LIQUI MOLY,Engine Oils,915.12,,,,,,,,,,,,,,,
LM20956,F-SYN  HY G-OIL  (GL4/5) 75W-90 20l,LIQUI MOLY,Gear Oil,867.28,,,,,,,,,,,,,,,
LM20960,M-BIKE  SHOCK ABSORBER OIL 1L,LIQUI MOLY,Accessories,13.03,,,,,,,,,,,,,,,
LM20967,SPECIAL TEC DX1 5W-30 1L,LIQUI MOLY,Engine Oils,18.00,,,,,,,,,,,,,,,
LM20969,SPECIAL TEX DX1 5W30 5L,LIQUI MOLY,Engine Oils,77.00,,,,,,,,,,,,,,,
LM20971,PTFE Longlife Spray,LIQUI MOLY,Accessories,17.82,,,,,,,,,,,,,,,
LM20972,M-BIKE  SHOCK ABSORBER OIL RACE 1L,LIQUI MOLY,Engine Oils,25.74,,,,,,,,,,,,,,,
LM20982,TOP TEC ATF 1800 R 20L,LIQUI MOLY,Transmission Oils,394.67,,,,,,,,,,,,,,,
LM20985,P/LINE  Gasoline Intake SYS-CLEN 300ML,LIQUI MOLY,Accessories,31.68,,,,,,,,,,,,,,,
LM20986,P/LINE  DIESEL INTAKE SYS-CLEN 300ML,LIQUI MOLY,Accessories,16.60,,,,,,,,,,,,,,,
LM21152,Top Tec ATF 1800 R,LIQUI MOLY,Transmission Oils,"3,456.72",,,,,,,,,,,,,,,
LM21153,M-BIKE  4T 0W-30 Scooter 1L,LIQUI MOLY,Engine Oils,29.63,,,,,,,,,,,,,,,
LM21157,BRAKE FLUID DOT 4 1L,LIQUI MOLY,Brake Fluids,21.78,,,,,,,,,,,,,,,
LM21158,Brake Fluid DOT 4,LIQUI MOLY,Brake Fluids,95.51,,,,,,,,,,,,,,,
LM21159,Brake Fluid DOT 4,LIQUI MOLY,Brake Fluids,353.02,,,,,,,,,,,,,,,
LM21179,Super Leichtlauf 10W-40,LIQUI MOLY,Engine Oils,17.42,,,,,,,,,,,,,,,
LM21206,Top Tec ATF 1800 R,LIQUI MOLY,Transmission Oils,"1,112.62",,,,,,,,,,,,,,,
LM21212,TOP TEC 6300 0W-20 20L,LIQUI MOLY,Engine Oils,414.43,,,,,,,,,,,,,,,
LM21213,TOP TEC 6300 0W-20 60L,LIQUI MOLY,Engine Oils,"1,132.45",,,,,,,,,,,,,,,
LM21215,Top Tec 6300 0W-20,LIQUI MOLY,Engine Oils,"3,553.85",,,,,,,,,,,,,,,
LM21216,TOP TEC 6300 0W20 1L,LIQUI MOLY,Engine Oils,22.10,,,,,,,,,,,,,,,
LM21217,TOP TEC 6300 0W20 5L,LIQUI MOLY,Engine Oils,106.63,,,,,,,,,,,,,,,
LM21222,Leichtlauf Energy 0W-40,LIQUI MOLY,Engine Oils,24.88,,,,,,,,,,,,,,,
LM21223,Leichtlauf Energy 0W-40 5l,LIQUI MOLY,Engine Oils,116.60,,,,,,,,,,,,,,,
LM21224,NEW GENERATION 5W-30 DPF 1L,LIQUI MOLY,Engine Oils,21.89,,,,,,,,,,,,,,,
LM21225,NEW GENERATION 5W-30 DPF 4L,LIQUI MOLY,Engine Oils,81.68,,,,,,,,,,,,,,,
LM21226,M-BIKE  4T 5W-40 HC STREET 20L,LIQUI MOLY,Engine Oils,327.20,,,,,,,,,,,,,,,
LM21262,Liquimate 2C Superglue 10g,LIQUI MOLY,Accessories,47.92,,,,,,,,,,,,,,,
LM21271,LEICHTLAUF ENERGY 0W-40 205L,LIQUI MOLY,Engine Oils,"4,253.98",,,,,,,,,,,,,,,
LM21272,LEICHTLAUF ENERGY 0W-40 20L,LIQUI MOLY,Engine Oils,465.77,,,,,,,,,,,,,,,
LM21273,P/LINE  Gasoline Intake SYS-CLEN,LIQUI MOLY,Accessories,15.91,,,,,,,,,,,,,,,
LM21274,P/LINE  Diesel Intake SYS-CLEN,LIQUI MOLY,Accessories,15.80,,,,,,,,,,,,,,,
LM21281,DIRECT INJECTION CLEANER 120ML,LIQUI MOLY,Accessories,24.70,,,,,,,,,,,,,,,
LM21306,Brake Fluid DOT 4,LIQUI MOLY,Accessories,11.95,,,,,,,,,,,,,,,
LM21317,Anti-Bacterial Diesel Additive 1L,LIQUI MOLY,Other Fluids,58.57,,,,,,,,,,,,,,,
LM21320,Molygen New Generation 5W-30,LIQUI MOLY,Engine Oils,354.53,,,,,,,,,,,,,,,
LM21324,SPECIAL TEC AA 0W-16 20L,LIQUI MOLY,Engine Oils,294.48,,,,,,,,,,,,,,,
LM21325,Special Tec AA 0W-16,LIQUI MOLY,Engine Oils,913.75,,,,,,,,,,,,,,,
LM21326,SPECIAL TEC AA 0W-16 1L,LIQUI MOLY,Engine Oils,15.84,,,,,,,,,,,,,,,
LM21328,SPECIAL TEC AA 0W-16 5L,LIQUI MOLY,Engine Oils,77.33,,,,,,,,,,,,,,,
LM21329,MOLYGEN NEW GENERATION 5W-40 20L,LIQUI MOLY,Engine Oils,367.63,,,,,,,,,,,,,,,
LM21336,Special Tec AA 10W-30 Benzin,LIQUI MOLY,Engine Oils,18.22,,,,,,,,,,,,,,,
LM21338,SPECIAL TEC AA 10W-30 BENZIN 5L,LIQUI MOLY,Engine Oils,87.44,,,,,,,,,,,,,,,
LM21339,M-BIKE  4T SYN 10W-40 S/RACE 20L,LIQUI MOLY,Engine Oils,396.14,,,,,,,,,,,,,,,
LM21345,Tire Fitting Paste BLACK 5KG,LIQUI MOLY,Accessories,35.75,,,,,,,,,,,,,,,
LM21356,MOLYGEN NEW GENERATION 0W-20 1L,LIQUI MOLY,Engine Oils,23.40,,,,,,,,,,,,,,,
LM21357,MOLYGEN NEW GENERATION 0W-20 4L,LIQUI MOLY,Engine Oils,88.49,,,,,,,,,,,,,,,
LM21359,TOP TEC MTF 5300 70W-75W 1L,LIQUI MOLY,Gear Oil,29.27,,,,,,,,,,,,,,,
LM21360,TOP TEC MTF 5300 70W-75W 20L,LIQUI MOLY,Gear Oil,533.92,,,,,,,,,,,,,,,
LM21361,Top Tec MTF 5300 70W-75W,LIQUI MOLY,Gear Oil,"1,581.52",,,,,,,,,,,,,,,
LM21363,L/PER 5W-30 1L,LIQUI MOLY,Engine Oils,15.19,,,,,,,,,,,,,,,
LM21364,L/PER 5W-30 5L,LIQUI MOLY,Grease,64.55,,,,,,,,,,,,,,,
LM21365,L/PER 5W-30 20L,LIQUI MOLY,Brake Fluids,269.06,,,,,,,,,,,,,,,
LM21366,L/PER 5W-30 205L,LIQUI MOLY,Coolant Fluids,"2,089.80",,,,,,,,,,,,,,,
LM21369,L/PER 5W-40 5L,LIQUI MOLY,Engine Oils,340.20,,,,,,,,,,,,,,,
LM21377,DFI CLEANER 120ML,LIQUI MOLY,Accessories,28.48,,,,,,,,,,,,,,,
LM21378,TOP TEC ATF 1950 1L,LIQUI MOLY,Transmission Oils,19.48,,,,,,,,,,,,,,,
LM21379,TOP TEC ATF 1950 20L,LIQUI MOLY,Transmission Oils,368.89,,,,,,,,,,,,,,,
LM21385,Special Tec B FE 5W-30,LIQUI MOLY,Engine Oils,"3,424.72",,,,,,,,,,,,,,,
LM21399,TOP TEC 4410 5W-30 20L,LIQUI MOLY,Grease,380.92,,,,,,,,,,,,,,,
LM21400,Top Tec 4410 5W-30,LIQUI MOLY,Brake Fluids,"1,064.45",,,,,,,,,,,,,,,
LM21401,TOP TEC 4410 5W-30 205L,LIQUI MOLY,Coolant Fluids,"3,448.15",,,,,,,,,,,,,,,
LM21402,TOP TEC 4410 5W-30 1L,LIQUI MOLY,Engine Oils,21.20,,,,,,,,,,,,,,,
LM21404,TOP TEC 4410 5W-30 5L,LIQUI MOLY,Grease,100.26,,,,,,,,,,,,,,,
LM21410,TOP TEC 6600 0W-20 1L,LIQUI MOLY,Brake Fluids,21.53,,,,,,,,,,,,,,,
LM21411,TOP TEC 6600 0W-20 5L,LIQUI MOLY,Coolant Fluids,100.76,,,,,,,,,,,,,,,
LM21412,TOP TEC 6600 0W-20 20L,LIQUI MOLY,Engine Oils,392.51,,,,,,,,,,,,,,,
LM21419,Multi-disc Clutch Oil 1L,LIQUI MOLY,Transmission Oils,50.33,,,,,,,,,,,,,,,
LM21421,E10 ADDITIVE 150ML,LIQUI MOLY,Other Fluids,13.64,,,,,,,,,,,,,,,
LM21442,Top Tec 6600 0W-20 60l,LIQUI MOLY,Engine Oils,"1,119.56",,,,,,,,,,,,,,,
LM21443,TOP TEC 6600 0W-20 205L,LIQUI MOLY,Grease,"4,038.34",,,,,,,,,,,,,,,
LM21451,PERFORMANCE 5W-30 60L,LIQUI MOLY,Brake Fluids,799.20,,,,,,,,,,,,,,,
LM21453,Top Tec ATF 1800 R,LIQUI MOLY,Transmission Oils,103.57,,,,,,,,,,,,,,,
LM21478,TOP TEC 4110 5W-40 1L,LIQUI MOLY,Engine Oils,22.18,,,,,,,,,,,,,,,
LM21479,TOP TEC 4110 5W-40 5L,LIQUI MOLY,Grease,106.06,,,,,,,,,,,,,,,
LM21480,TOP TEC 4110 5W-40 20L,LIQUI MOLY,Engine Oils,402.55,,,,,,,,,,,,,,,
LM21481,Top Tec 4110 5W-40 ,LIQUI MOLY,Engine Oils,"1,138.46",,,,,,,,,,,,,,,
LM21482,Top Tec 4110 5W-40 ,LIQUI MOLY,Engine Oils,"3,712.36",,,,,,,,,,,,,,,
LM21485,A/C SYS-CLEN for home AC SYS ,LIQUI MOLY,Accessories,23.51,,,,,,,,,,,,,,,
LM21584,TOP TEC 6400 0W-20 1L,LIQUI MOLY,Engine Oils,23.47,,,,,,,,,,,,,,,
LM21585,TOP TEC 6400 0W-20 5L,LIQUI MOLY,Engine Oils,113.54,,,,,,,,,,,,,,,
LM21586,Top Tec 6400 0W-20 20l,LIQUI MOLY,Engine Oils,430.78,,,,,,,,,,,,,,,
LM21587,Top Tec 6400 0W-20,LIQUI MOLY,Engine Oils,"1,191.24",,,,,,,,,,,,,,,
LM21588,Top Tec 6400 0W-20,LIQUI MOLY,Engine Oils,"3,925.87",,,,,,,,,,,,,,,
LM21604,TOP TEC 4210 0W-30 1L,LIQUI MOLY,Engine Oils,26.93,,,,,,,,,,,,,,,
LM21605,TOP TEC 4210 0W-30 5L,LIQUI MOLY,Engine Oils,128.70,,,,,,,,,,,,,,,
LM21606,TOP TEC 4210 0W-30 20L,LIQUI MOLY,Engine Oils,488.70,,,,,,,,,,,,,,,
LM21607,TOP TEC 4210 0W30 60L,LIQUI MOLY,Engine Oils,"1,351.80",,,,,,,,,,,,,,,
LM21608,Top Tec 4210 0W-30,LIQUI MOLY,Engine Oils,"4,556.77",,,,,,,,,,,,,,,
LM21611,QUICK DETAILER 500ML,LIQUI MOLY,Accessories,19.58,,,,,,,,,,,,,,,
LM21613,D/CLUTCH TRANS Oil 8100,LIQUI MOLY,Transmission Oils,"4,338.40",,,,,,,,,,,,,,,
LM21616,OCTANE BOOSTER 200ML,LIQUI MOLY,Accessories,15.91,,,,,,,,,,,,,,,
LM21634,Display Cleaner,LIQUI MOLY,Accessories,13.93,,,,,,,,,,,,,,,
LM21649,Fuel Protect Diesel 300ml,LIQUI MOLY,Accessories,14.90,,,,,,,,,,,,,,,
LM21660,TOP TEC 6610 0W-20 1L,LIQUI MOLY,Engine Oils,29.95,,,,,,,,,,,,,,,
LM21662,TOP TEC 6610 0W-20 5L,LIQUI MOLY,Engine Oils,144.54,,,,,,,,,,,,,,,
LM21663,Top Tec 6610 0W-20 20l,LIQUI MOLY,Engine Oils,540.83,,,,,,,,,,,,,,,
LM21664,Top Tec 6610 0W-20 60l,LIQUI MOLY,Engine Oils,"1,533.24",,,,,,,,,,,,,,,
LM21666,Top Tec 6610 0W-20,LIQUI MOLY,Engine Oils,"4,640.08",,,,,,,,,,,,,,,
LM21684,Fuel Cell Coolant FCF 20,LIQUI MOLY,Coolant Fluids,"4,575.64",,,,,,,,,,,,,,,
LM21692,Bike  Chain Lube Spray,LIQUI MOLY,Accessories,16.52,,,,,,,,,,,,,,,
LM21702,Top Tec Gear EV 510,LIQUI MOLY,Gear Oil,48.53,,,,,,,,,,,,,,,
LM21773,Bike Detailer,LIQUI MOLY,Accessories,22.43,,,,,,,,,,,,,,,
LM21778,Bike Cleaner,LIQUI MOLY,Accessories,23.26,,,,,,,,,,,,,,,
LM25001,MARINE DIESEL PROTECT 500ML,LIQUI MOLY,Accessories,42.05,,,,,,,,,,,,,,,
LM25003,MARINE DIESEL PROTECT 1L,LIQUI MOLY,Accessories,60.01,,,,,,,,,,,,,,,
LM25005,MARINE S/DIE ADD 500ML,LIQUI MOLY,Accessories,26.64,,,,,,,,,,,,,,,
LM25007,MARINE S/DIE ADD 1L,LIQUI MOLY,Accessories,35.68,,,,,,,,,,,,,,,
LM25009,MARINE FUEL STABILISER 500ML,LIQUI MOLY,Accessories,21.46,,,,,,,,,,,,,,,
LM25011,Marine F/SYS CLEN 500ML,LIQUI MOLY,Accessories,19.04,,,,,,,,,,,,,,,
LM25012,MARINE 4T MOTOR OIL 10W40 1L,LIQUI MOLY,Engine Oils,15.80,,,,,,,,,,,,,,,
LM25013,MARINE 4T MOTOR OIL 10W40 5L,LIQUI MOLY,Engine Oils,63.18,,,,,,,,,,,,,,,
LM25015,MARINE 4T MOTOR OIL 15W40 1L,LIQUI MOLY,Engine Oils,15.44,,,,,,,,,,,,,,,
LM25016,MARINE 4T MOTOR OIL 15W40 5L,LIQUI MOLY,Engine Oils,63.14,,,,,,,,,,,,,,,
LM25017,MARINE 4T MOTOR OIL 15W40 60L,LIQUI MOLY,Engine Oils,646.09,,,,,,,,,,,,,,,
LM25018,MARINE 4T MOTOR OIL 15W40 205L,LIQUI MOLY,Engine Oils,"2,111.08",,,,,,,,,,,,,,,
LM25019,MARINE 2T MOTOR OIL 1L,LIQUI MOLY,Engine Oils,23.87,,,,,,,,,,,,,,,
LM25020,MARINE 2T MOTOR OIL 5L,LIQUI MOLY,Engine Oils,99.72,,,,,,,,,,,,,,,
LM25022,MARINE 4T MOTOR OIL 10W30 1L,LIQUI MOLY,Engine Oils,19.12,,,,,,,,,,,,,,,
LM25023,MARINE 4T MOTOR OIL 10W30 5L,LIQUI MOLY,Engine Oils,72.90,,,,,,,,,,,,,,,
LM25024,MARINE 4T MOTOR OIL 10W30 20L,LIQUI MOLY,Engine Oils,278.42,,,,,,,,,,,,,,,
LM25025,Marine 4T Motor Oil 10W-30 60L,LIQUI MOLY,Engine Oils,837.54,,,,,,,,,,,,,,,
LM25026,MARINE 4T MOTOR OIL 25W40 1L,LIQUI MOLY,Engine Oils,18.68,,,,,,,,,,,,,,,
LM25027,MARINE 4T MOTOR OIL 25W40 5L,LIQUI MOLY,Engine Oils,71.10,,,,,,,,,,,,,,,
LM25028,MARINE 4T MOTOR OIL 25W40 20L,LIQUI MOLY,Engine Oils,272.92,,,,,,,,,,,,,,,
LM25031,MARINE G-OIL  GL4/GL5 80W-90 250ML,LIQUI MOLY,Gear Oil,11.81,,,,,,,,,,,,,,,
LM25033,MARINE STORAGE FOGGING OIL 300ML,LIQUI MOLY,Engine Oils,11.92,,,,,,,,,,,,,,,
LM25034,QUICK DETAILER 500ML,LIQUI MOLY,Accessories,358.09,,,,,,,,,,,,,,,
LM25037,F/S G-OIL  GL4/GL5 75W-90 250ML,LIQUI MOLY,Gear Oil,16.74,,,,,,,,,,,,,,,
LM25042,MARINE GREASE 250G,LIQUI MOLY,Accessories,15.44,,,,,,,,,,,,,,,
LM25044,MARINE GREASE 400G,LIQUI MOLY,Accessories,14.69,,,,,,,,,,,,,,,
LM25046,MARINE WINCH GREASE 100G,LIQUI MOLY,Accessories,22.00,,,,,,,,,,,,,,,
LM25047,MARINE ANTIKALK 5L,LIQUI MOLY,Accessories,80.71,,,,,,,,,,,,,,,
LM25052,MARINE MULTI-SPRAY 400ML,LIQUI MOLY,Accessories,16.02,,,,,,,,,,,,,,,
LM25054,MARINE GLOSS SPRAY WAX 400ML,LIQUI MOLY,Accessories,18.22,,,,,,,,,,,,,,,
LM25060,MARINE 4T MOTOR OIL 10W40 20L,LIQUI MOLY,Engine Oils,240.30,,,,,,,,,,,,,,,
LM25061,MARINE 4T MOTOR OIL 15W40 20L,LIQUI MOLY,Engine Oils,214.52,,,,,,,,,,,,,,,
LM25063,MARINE 2T DFI MOTOR OIL 5L,LIQUI MOLY,Engine Oils,114.12,,,,,,,,,,,,,,,
LM25065,MARINE SINGLE GRADE SAE30 1L,LIQUI MOLY,Engine Oils,13.82,,,,,,,,,,,,,,,
LM25067,MARINE ATF 1L,LIQUI MOLY,Transmission Oils,22.21,,,,,,,,,,,,,,,
LM25069,MARINE G-OIL  GL4/GL5 80W-90 1L,LIQUI MOLY,Gear Oil,19.80,,,,,,,,,,,,,,,
LM25071,MARINE F/S G-OIL  GL4/GL5 75W-90 1L,LIQUI MOLY,Gear Oil,49.97,,,,,,,,,,,,,,,
LM25073,MARINE U- CLEANER K 1L,LIQUI MOLY,Accessories,23.47,,,,,,,,,,,,,,,
LM25074,MARINE 4T MOTOR OIL 10W-30 205L,LIQUI MOLY,Engine Oils,"2,766.02",,,,,,,,,,,,,,,
LM25076,MARINE PWC OIL 10W-40 1L,LIQUI MOLY,Engine Oils,15.44,,,,,,,,,,,,,,,
LM25077,MARINE PWC OIL 10W-40 4L,LIQUI MOLY,Engine Oils,57.02,,,,,,,,,,,,,,,
LM25079,MARINE H/PER   G-OIL  85W-90 1L,LIQUI MOLY,Gear Oil,19.87,,,,,,,,,,,,,,,
LM25080,Marine H/PER   G-OIL  85W-90,LIQUI MOLY,Gear Oil,360.79,,,,,,,,,,,,,,,
LM25081,Marine H/PER   G-OIL  85W-90,LIQUI MOLY,Gear Oil,"1,032.44",,,,,,,,,,,,,,,
LM25082,MARINE ANTIFREEZE 5L,LIQUI MOLY,Coolant Fluids,69.01,,,,,,,,,,,,,,,
LM25083,MARINE ANTIFREEZE 20L,LIQUI MOLY,Coolant Fluids,233.21,,,,,,,,,,,,,,,
LM29026,HAND PUMP 1 PCE,LIQUI MOLY,Accessories,48.53,,,,,,,,,,,,,,,
602013149,FUCHS TITAN S/SYN F ECO-DT 5W30 1L,FUCHS,Engine Oils,9.99,,,,,,,,,,,,,,,
LUBNANOMS530/5,LUBREX VELOCITY (NANO MS)  5W30 5L,LUBREX,Engine Oils,29.98,,,,,,,,,,,,,,,
602012531,FUCHS TITAN  FLEX C23    5W30   1L,FUCHS,Engine Oils,9.99,,,,,,,,,,,,,,,
602013149,FUCHS TITAN S/SYN F ECO-DT 5W30 1L,FUCHS,Engine Oils,9.99,,,,,,,,,,,,,,,
